date,mode,origin,destination,operator,available_seats,tickets_sold,avg_fare_toman,revenue_toman,searches,bookings,cancellations
1403-01-15,Bus,Tehran,Mashhad,Seir-o-Safar,1987,1474,2218400,3269921600,3980,1562,86
1403-01-15,Bus,Tehran,Mashhad,Iran Peyma,1888,1420,2260880,3210449600,4049,1505,83
1403-01-15,Bus,Tehran,Mashhad,Royal Safar,1681,1429,2303360,3291501440,4092,1515,83
1403-01-15,Bus,Tehran,Mashhad,Ham-o-Safar,1557,1205,2345840,2826737200,3284,1277,70
1403-01-15,Train,Tehran,Mashhad,RAJA,2576,902,3102000,2798004000,2435,956,53
1403-01-15,Train,Tehran,Mashhad,Fadak,2447,856,3161400,2706158400,2441,907,50
1403-01-15,Train,Tehran,Mashhad,Noor,2179,763,3220800,2457470400,2185,809,44
1403-01-15,Train,Tehran,Mashhad,Bon Rail,2019,707,3280200,2319101400,1927,749,41
1403-01-15,Train,Tehran,Mashhad,Joopar,2113,740,3339600,2471304000,1897,784,43
1403-01-15,Train,Tehran,Mashhad,Rail Seir Kosar,2375,831,3399000,2824569000,2100,881,48
1403-01-15,Bus,Tehran,Shiraz,Seir-o-Safar,1987,1135,1861200,2112462000,3065,1203,66
1403-01-15,Bus,Tehran,Shiraz,Iran Peyma,1888,1397,1896840,2649885480,3983,1481,81
1403-01-15,Bus,Tehran,Shiraz,Royal Safar,1681,1043,1932480,2015576640,2987,1106,61
1403-01-15,Bus,Tehran,Shiraz,Ham-o-Safar,1557,1233,1968120,2426691960,3360,1307,72
1403-01-15,Train,Tehran,Shiraz,RAJA,2576,902,2632000,2374064000,2435,956,53
1403-01-15,Train,Tehran,Shiraz,Fadak,2447,856,2682400,2296134400,2441,907,50
1403-01-15,Train,Tehran,Shiraz,Noor,2179,763,2732800,2085126400,2185,809,44
1403-01-15,Train,Tehran,Shiraz,Bon Rail,2019,707,2783200,1967722400,1927,749,41
1403-01-15,Train,Tehran,Shiraz,Joopar,2113,740,2833600,2096864000,1897,784,43
1403-01-15,Bus,Tehran,Isfahan,Seir-o-Safar,1987,1289,1414700,1823548300,3480,1366,75
1403-01-15,Bus,Tehran,Isfahan,Iran Peyma,1888,1060,1441790,1528297400,3023,1124,62
1403-01-15,Bus,Tehran,Isfahan,Royal Safar,1681,1210,1468880,1777344800,3465,1283,71
1403-01-15,Bus,Tehran,Isfahan,Ham-o-Safar,1557,937,1495970,1401723890,2554,993,55
1403-01-15,Train,Tehran,Isfahan,RAJA,2576,902,2044500,1844139000,2435,956,53
1403-01-15,Train,Tehran,Isfahan,Fadak,2447,856,2083650,1783604400,2441,907,50
1403-01-15,Train,Tehran,Isfahan,Noor,2179,763,2122800,1619696400,2185,809,44
1403-01-15,Train,Tehran,Isfahan,Bon Rail,2019,707,2161950,1528498650,1927,749,41
1403-01-15,Train,Tehran,Isfahan,Joopar,2113,740,2201100,1628814000,1897,784,43
1403-01-15,Bus,Tehran,Tabriz,Seir-o-Safar,1987,1069,1771900,1894161100,2886,1133,62
1403-01-15,Bus,Tehran,Tabriz,Iran Peyma,1888,1199,1805830,2165190170,3419,1271,70
1403-01-15,Bus,Tehran,Tabriz,Royal Safar,1681,940,1839760,1729374400,2692,996,55
1403-01-15,Bus,Tehran,Tabriz,Ham-o-Safar,1557,1102,1873690,2064806380,3003,1168,64
1403-01-15,Train,Tehran,Tabriz,RAJA,2576,902,2514500,2268079000,2435,956,53
1403-01-15,Train,Tehran,Tabriz,Fadak,2447,856,2562650,2193628400,2441,907,50
1403-01-15,Train,Tehran,Tabriz,Noor,2179,763,2610800,1992040400,2185,809,44
1403-01-15,Train,Tehran,Tabriz,Bon Rail,2019,707,2658950,1879877650,1927,749,41
1403-01-15,Train,Tehran,Tabriz,Joopar,2113,740,2707100,2003254000,1897,784,43
1403-01-15,Bus,Tehran,Rasht,Seir-o-Safar,1987,1073,1200380,1288007740,2897,1137,63
1403-01-15,Bus,Tehran,Rasht,Iran Peyma,1888,1018,1223366,1245386588,2903,1079,59
1403-01-15,Bus,Tehran,Rasht,Royal Safar,1681,1038,1246352,1293713376,2972,1100,61
1403-01-15,Bus,Tehran,Rasht,Ham-o-Safar,1557,866,1269338,1099246708,2360,918,50
1403-01-15,Train,Tehran,Rasht,RAJA,2576,902,1762500,1589775000,2435,956,53
1403-01-15,Train,Tehran,Rasht,Fadak,2447,856,1796250,1537590000,2441,907,50
1403-01-15,Train,Tehran,Rasht,Noor,2179,763,1830000,1396290000,2185,809,44
1403-01-15,Train,Tehran,Rasht,Bon Rail,2019,707,1863750,1317671250,1927,749,41
1403-01-15,Train,Tehran,Rasht,Joopar,2113,740,1897500,1404150000,1897,784,43
1403-01-15,Bus,Tehran,Ahvaz,Seir-o-Safar,1987,1019,2075520,2114954880,2751,1080,59
1403-01-15,Bus,Tehran,Ahvaz,Iran Peyma,1888,966,2115264,2043345024,2755,1024,56
1403-01-15,Bus,Tehran,Ahvaz,Royal Safar,1681,886,2155008,1909337088,2537,939,52
1403-01-15,Bus,Tehran,Ahvaz,Ham-o-Safar,1557,911,2194752,1999419072,2483,966,53
1403-01-15,Train,Tehran,Ahvaz,RAJA,2576,902,2914000,2628428000,2435,956,53
1403-01-15,Train,Tehran,Ahvaz,Fadak,2447,856,2969800,2542148800,2441,907,50
1403-01-15,Train,Tehran,Ahvaz,Noor,2179,763,3025600,2308532800,2185,809,44
1403-01-15,Train,Tehran,Ahvaz,Bon Rail,2019,707,3081400,2178549800,1927,749,41
1403-01-15,Train,Tehran,Ahvaz,Joopar,2113,740,3137200,2321528000,1897,784,43
1403-01-15,Bus,Tehran,Kerman,Seir-o-Safar,1987,758,2397000,1816926000,2047,803,44
1403-01-15,Bus,Tehran,Kerman,Iran Peyma,1888,854,2442900,2086236600,2435,905,50
1403-01-15,Bus,Tehran,Kerman,Royal Safar,1681,734,2488800,1826779200,2102,778,43
1403-01-15,Bus,Tehran,Kerman,Ham-o-Safar,1557,723,2534700,1832588100,1970,766,42
1403-01-15,Train,Tehran,Kerman,RAJA,2576,902,3337000,3009974000,2435,956,53
1403-01-15,Train,Tehran,Kerman,Fadak,2447,856,3400900,2911170400,2441,907,50
1403-01-15,Train,Tehran,Kerman,Noor,2179,763,3464800,2643642400,2185,809,44
1403-01-15,Train,Tehran,Kerman,Bon Rail,2019,707,3528700,2494790900,1927,749,41
1403-01-15,Train,Tehran,Kerman,Joopar,2113,740,3592600,2658524000,1897,784,43
1403-01-15,Bus,Tehran,Qom,Seir-o-Safar,1987,1465,932480,1366083200,3956,1553,85
1403-01-15,Bus,Tehran,Qom,Iran Peyma,1888,1206,950336,1146105216,3439,1278,70
1403-01-15,Bus,Tehran,Qom,Royal Safar,1681,1304,968192,1262522368,3734,1382,76
1403-01-15,Bus,Tehran,Qom,Ham-o-Safar,1557,1131,986048,1115220288,3082,1199,66
1403-01-15,Train,Tehran,Qom,RAJA,2576,902,1410000,1271820000,2435,956,53
1403-01-15,Train,Tehran,Qom,Fadak,2447,856,1437000,1230072000,2441,907,50
1403-01-15,Train,Tehran,Qom,Noor,2179,763,1464000,1117032000,2185,809,44
1403-01-15,Train,Tehran,Qom,Bon Rail,2019,707,1491000,1054137000,1927,749,41
1403-01-15,Train,Tehran,Qom,Joopar,2113,740,1518000,1123320000,1897,784,43
1403-01-15,Bus,Mashhad,Isfahan,Seir-o-Safar,1987,695,2307700,1603851500,1877,737,41
1403-01-15,Bus,Mashhad,Isfahan,Iran Peyma,1888,853,2351890,2006162170,2432,904,50
1403-01-15,Bus,Mashhad,Isfahan,Royal Safar,1681,647,2396080,1550263760,1853,686,38
1403-01-15,Bus,Mashhad,Isfahan,Ham-o-Safar,1557,743,2440270,1813120610,2025,788,43
1403-01-15,Train,Mashhad,Isfahan,RAJA,2576,902,3219500,2903989000,2435,956,53
1403-01-15,Train,Mashhad,Isfahan,Fadak,2447,856,3281150,2808664400,2441,907,50
1403-01-15,Train,Mashhad,Isfahan,Noor,2179,763,3342800,2550556400,2185,809,44
1403-01-15,Train,Mashhad,Isfahan,Bon Rail,2019,707,3404450,2406946150,1927,749,41
1403-01-15,Train,Mashhad,Isfahan,Joopar,2113,740,3466100,2564914000,1897,784,43
1403-01-15,Bus,Mashhad,Shiraz,Seir-o-Safar,1987,722,2664900,1924057800,1949,765,42
1403-01-15,Bus,Mashhad,Shiraz,Iran Peyma,1888,661,2715930,1795229730,1885,701,39
1403-01-15,Bus,Mashhad,Shiraz,Royal Safar,1681,668,2766960,1848329280,1913,708,39
1403-01-15,Bus,Mashhad,Shiraz,Ham-o-Safar,1557,545,2817990,1535804550,1485,578,32
1403-01-15,Train,Mashhad,Shiraz,RAJA,2576,902,3689500,3327929000,2435,956,53
1403-01-15,Train,Mashhad,Shiraz,Fadak,2447,856,3760150,3218688400,2441,907,50
1403-01-15,Train,Mashhad,Shiraz,Noor,2179,763,3830800,2922900400,2185,809,44
1403-01-15,Train,Mashhad,Shiraz,Bon Rail,2019,707,3901450,2758325150,1927,749,41
1403-01-15,Train,Mashhad,Shiraz,Joopar,2113,740,3972100,2939354000,1897,784,43
1403-01-15,Bus,Mashhad,Ahvaz,Seir-o-Safar,1987,695,2754200,1914169000,1877,737,41
1403-01-15,Bus,Mashhad,Ahvaz,Iran Peyma,1888,661,2806940,1855387340,1885,701,39
1403-01-15,Bus,Mashhad,Ahvaz,Royal Safar,1681,588,2859680,1681491840,1684,623,34
1403-01-15,Bus,Mashhad,Ahvaz,Ham-o-Safar,1557,564,2912420,1642604880,1537,598,33
1403-01-15,Train,Mashhad,Ahvaz,RAJA,2576,902,3807000,3433914000,2435,956,53
1403-01-15,Train,Mashhad,Ahvaz,Fadak,2447,856,3879900,3321194400,2441,907,50
1403-01-15,Train,Mashhad,Ahvaz,Noor,2179,763,3952800,3015986400,2185,809,44
1403-01-15,Train,Mashhad,Ahvaz,Bon Rail,2019,707,4025700,2846169900,1927,749,41
1403-01-15,Train,Mashhad,Ahvaz,Joopar,2113,740,4098600,3032964000,1897,784,43
1403-01-15,Bus,Isfahan,Shiraz,Seir-o-Safar,1987,956,1289680,1232934080,2581,1013,56
1403-01-15,Bus,Isfahan,Shiraz,Iran Peyma,1888,856,1314376,1125105856,2441,907,50
1403-01-15,Bus,Isfahan,Shiraz,Royal Safar,1681,919,1339072,1230607168,2632,974,54
1403-01-15,Bus,Isfahan,Shiraz,Ham-o-Safar,1557,735,1363768,1002369480,2003,779,43
1403-01-15,Train,Isfahan,Shiraz,RAJA,2576,902,1880000,1695760000,2435,956,53
1403-01-15,Train,Isfahan,Shiraz,Fadak,2447,856,1916000,1640096000,2441,907,50
1403-01-15,Train,Isfahan,Shiraz,Noor,2179,763,1952000,1489376000,2185,809,44
1403-01-15,Train,Isfahan,Shiraz,Bon Rail,2019,707,1988000,1405516000,1927,749,41
1403-01-15,Train,Isfahan,Shiraz,Joopar,2113,740,2024000,1497760000,1897,784,43
1403-02-15,Bus,Tehran,Mashhad,Seir-o-Safar,1888,1321,2246686,2967872206,3767,1400,77
1403-02-15,Bus,Tehran,Mashhad,Iran Peyma,1681,1247,2289166,2854590002,3571,1322,73
1403-02-15,Bus,Tehran,Mashhad,Royal Safar,1557,1119,2331646,2609111874,3050,1186,65
1403-02-15,Bus,Tehran,Mashhad,Ham-o-Safar,1630,1375,2374126,3264423250,3525,1458,80
1403-02-15,Train,Tehran,Mashhad,RAJA,2447,856,3141553,2689169368,2441,907,50
1403-02-15,Train,Tehran,Mashhad,Fadak,2179,763,3200953,2442327139,2185,809,44
1403-02-15,Train,Tehran,Mashhad,Noor,2019,707,3260353,2305069571,1927,749,41
1403-02-15,Train,Tehran,Mashhad,Bon Rail,2113,740,3319753,2456617220,1897,784,43
1403-02-15,Train,Tehran,Mashhad,Joopar,2375,831,3379153,2808076143,2100,881,48
1403-02-15,Train,Tehran,Mashhad,Rail Seir Kosar,2565,898,3438553,3087820594,2379,952,52
1403-02-15,Bus,Tehran,Shiraz,Seir-o-Safar,1888,1248,1884932,2352395136,3559,1323,73
1403-02-15,Bus,Tehran,Shiraz,Iran Peyma,1681,935,1920572,1795734820,2678,991,55
1403-02-15,Bus,Tehran,Shiraz,Royal Safar,1557,1123,1956212,2196826076,3061,1190,65
1403-02-15,Bus,Tehran,Shiraz,Ham-o-Safar,1630,994,1991852,1979900888,2548,1054,58
1403-02-15,Train,Tehran,Shiraz,RAJA,2447,856,2665560,2281719360,2441,907,50
1403-02-15,Train,Tehran,Shiraz,Fadak,2179,763,2715960,2072277480,2185,809,44
1403-02-15,Train,Tehran,Shiraz,Noor,2019,707,2766360,1955816520,1927,749,41
1403-02-15,Train,Tehran,Shiraz,Bon Rail,2113,740,2816760,2084402400,1897,784,43
1403-02-15,Train,Tehran,Shiraz,Joopar,2375,831,2867160,2382609960,2100,881,48
1403-02-15,Bus,Tehran,Isfahan,Seir-o-Safar,1888,972,1432738,1392621336,2772,1030,57
1403-02-15,Bus,Tehran,Isfahan,Iran Peyma,1681,1079,1459828,1575154412,3090,1144,63
1403-02-15,Bus,Tehran,Isfahan,Royal Safar,1557,847,1486918,1259419546,2308,898,49
1403-02-15,Bus,Tehran,Isfahan,Ham-o-Safar,1630,1146,1514008,1735053168,2938,1215,67
1403-02-15,Train,Tehran,Isfahan,RAJA,2447,856,2070569,1772407064,2441,907,50
1403-02-15,Train,Tehran,Isfahan,Fadak,2179,763,2109719,1609715597,2185,809,44
1403-02-15,Train,Tehran,Isfahan,Noor,2019,707,2148869,1519250383,1927,749,41
1403-02-15,Train,Tehran,Isfahan,Bon Rail,2113,740,2188019,1619134060,1897,784,43
1403-02-15,Train,Tehran,Isfahan,Joopar,2375,831,2227169,1850777439,2100,881,48
1403-02-15,Bus,Tehran,Tabriz,Seir-o-Safar,1888,1048,1794493,1880628664,2988,1111,61
1403-02-15,Bus,Tehran,Tabriz,Iran Peyma,1681,867,1828423,1585242741,2483,919,51
1403-02-15,Bus,Tehran,Tabriz,Royal Safar,1557,979,1862353,1823243587,2668,1038,57
1403-02-15,Bus,Tehran,Tabriz,Ham-o-Safar,1630,879,1896283,1666832757,2254,932,51
1403-02-15,Train,Tehran,Tabriz,RAJA,2447,856,2546562,2179857072,2441,907,50
1403-02-15,Train,Tehran,Tabriz,Fadak,2179,763,2594712,1979765256,2185,809,44
1403-02-15,Train,Tehran,Tabriz,Noor,2019,707,2642862,1868503434,1927,749,41
1403-02-15,Train,Tehran,Tabriz,Bon Rail,2113,740,2691012,1991348880,1897,784,43
1403-02-15,Train,Tehran,Tabriz,Joopar,2375,831,2739162,2276243622,2100,881,48
1403-02-15,Bus,Tehran,Rasht,Seir-o-Safar,1888,947,1215686,1151254642,2700,1004,55
1403-02-15,Bus,Tehran,Rasht,Iran Peyma,1681,907,1238672,1123475504,2597,961,53
1403-02-15,Bus,Tehran,Rasht,Royal Safar,1557,803,1261658,1013111374,2188,851,47
1403-02-15,Bus,Tehran,Rasht,Ham-o-Safar,1630,998,1284644,1282074712,2559,1058,58
1403-02-15,Train,Tehran,Rasht,RAJA,2447,856,1784973,1527936888,2441,907,50
1403-02-15,Train,Tehran,Rasht,Fadak,2179,763,1818723,1387685649,2185,809,44
1403-02-15,Train,Tehran,Rasht,Noor,2019,707,1852473,1309698411,1927,749,41
1403-02-15,Train,Tehran,Rasht,Bon Rail,2113,740,1886223,1395805020,1897,784,43
1403-02-15,Train,Tehran,Rasht,Joopar,2375,831,1919973,1595497563,2100,881,48
1403-02-15,Bus,Tehran,Ahvaz,Seir-o-Safar,1888,838,2101984,1761462592,2390,888,49
1403-02-15,Bus,Tehran,Ahvaz,Iran Peyma,1681,825,2141728,1766925600,2363,875,48
1403-02-15,Bus,Tehran,Ahvaz,Royal Safar,1557,795,2181472,1734270240,2167,843,46
1403-02-15,Bus,Tehran,Ahvaz,Ham-o-Safar,1630,819,2221216,1819175904,2100,868,48
1403-02-15,Train,Tehran,Ahvaz,RAJA,2447,856,2951155,2526188680,2441,907,50
1403-02-15,Train,Tehran,Ahvaz,Fadak,2179,763,3006955,2294306665,2185,809,44
1403-02-15,Train,Tehran,Ahvaz,Noor,2019,707,3062755,2165367785,1927,749,41
1403-02-15,Train,Tehran,Ahvaz,Bon Rail,2113,740,3118555,2307730700,1897,784,43
1403-02-15,Train,Tehran,Ahvaz,Joopar,2375,831,3174355,2637889005,2100,881,48
1403-02-15,Bus,Tehran,Kerman,Seir-o-Safar,1888,787,2427563,1910492081,2244,834,46
1403-02-15,Bus,Tehran,Kerman,Iran Peyma,1681,639,2473463,1580542857,1830,677,37
1403-02-15,Bus,Tehran,Kerman,Royal Safar,1557,674,2519363,1698050662,1837,714,39
1403-02-15,Bus,Tehran,Kerman,Ham-o-Safar,1630,710,2565263,1821336730,1820,753,41
1403-02-15,Train,Tehran,Kerman,RAJA,2447,856,3379549,2892893944,2441,907,50
1403-02-15,Train,Tehran,Kerman,Fadak,2179,763,3443449,2627351587,2185,809,44
1403-02-15,Train,Tehran,Kerman,Noor,2019,707,3507349,2479695743,1927,749,41
1403-02-15,Train,Tehran,Kerman,Bon Rail,2113,740,3571249,2642724260,1897,784,43
1403-02-15,Train,Tehran,Kerman,Joopar,2375,831,3635149,3020808819,2100,881,48
1403-02-15,Bus,Tehran,Qom,Seir-o-Safar,1888,1063,944370,1003865310,3031,1127,62
1403-02-15,Bus,Tehran,Qom,Iran Peyma,1681,1200,962226,1154671200,3436,1272,70
1403-02-15,Bus,Tehran,Qom,Royal Safar,1557,988,980082,968321016,2693,1047,58
1403-02-15,Bus,Tehran,Qom,Ham-o-Safar,1630,1211,997938,1208502918,3105,1284,71
1403-02-15,Train,Tehran,Qom,RAJA,2447,856,1427978,1222349168,2441,907,50
1403-02-15,Train,Tehran,Qom,Fadak,2179,763,1454978,1110148214,2185,809,44
1403-02-15,Train,Tehran,Qom,Noor,2019,707,1481978,1047758446,1927,749,41
1403-02-15,Train,Tehran,Qom,Bon Rail,2113,740,1508978,1116643720,1897,784,43
1403-02-15,Train,Tehran,Qom,Joopar,2375,831,1535978,1276397718,2100,881,48
1403-02-15,Bus,Mashhad,Isfahan,Seir-o-Safar,1888,769,2337125,1797249125,2193,815,45
1403-02-15,Bus,Mashhad,Isfahan,Iran Peyma,1681,588,2381315,1400213220,1684,623,34
1403-02-15,Bus,Mashhad,Isfahan,Royal Safar,1557,682,2425505,1654194410,1859,723,40
1403-02-15,Bus,Mashhad,Isfahan,Ham-o-Safar,1630,621,2469695,1533680595,1592,658,36
1403-02-15,Train,Mashhad,Isfahan,RAJA,2447,856,3260551,2791031656,2441,907,50
1403-02-15,Train,Mashhad,Isfahan,Fadak,2179,763,3322201,2534839363,2185,809,44
1403-02-15,Train,Mashhad,Isfahan,Noor,2019,707,3383851,2392382657,1927,749,41
1403-02-15,Train,Mashhad,Isfahan,Bon Rail,2113,740,3445501,2549670740,1897,784,43
1403-02-15,Train,Mashhad,Isfahan,Joopar,2375,831,3507151,2914442481,2100,881,48
1403-02-15,Bus,Mashhad,Shiraz,Seir-o-Safar,1888,661,2698879,1783959019,1885,701,39
1403-02-15,Bus,Mashhad,Shiraz,Iran Peyma,1681,601,2749909,1652695309,1721,637,35
1403-02-15,Bus,Mashhad,Shiraz,Royal Safar,1557,545,2800939,1526511755,1485,578,32
1403-02-15,Bus,Mashhad,Shiraz,Ham-o-Safar,1630,629,2851969,1793888501,1613,667,37
1403-02-15,Train,Mashhad,Shiraz,RAJA,2447,856,3736544,3198481664,2441,907,50
1403-02-15,Train,Mashhad,Shiraz,Fadak,2179,763,3807194,2904889022,2185,809,44
1403-02-15,Train,Mashhad,Shiraz,Noor,2019,707,3877844,2741635708,1927,749,41
1403-02-15,Train,Mashhad,Shiraz,Bon Rail,2113,740,3948494,2921885560,1897,784,43
1403-02-15,Train,Mashhad,Shiraz,Joopar,2375,831,4019144,3339908664,2100,881,48
1403-02-15,Bus,Mashhad,Ahvaz,Seir-o-Safar,1888,661,2789318,1843739198,1885,701,39
1403-02-15,Bus,Mashhad,Ahvaz,Iran Peyma,1681,588,2842058,1671130104,1684,623,34
1403-02-15,Bus,Mashhad,Ahvaz,Royal Safar,1557,545,2894798,1577664910,1485,578,32
1403-02-15,Bus,Mashhad,Ahvaz,Ham-o-Safar,1630,571,2947538,1683044198,1464,605,33
1403-02-15,Train,Mashhad,Ahvaz,RAJA,2447,856,3855542,3300343952,2441,907,50
1403-02-15,Train,Mashhad,Ahvaz,Fadak,2179,763,3928442,2997401246,2185,809,44
1403-02-15,Train,Mashhad,Ahvaz,Noor,2019,707,4001342,2828948794,1927,749,41
1403-02-15,Train,Mashhad,Ahvaz,Bon Rail,2113,740,4074242,3014939080,1897,784,43
1403-02-15,Train,Mashhad,Ahvaz,Joopar,2375,831,4147142,3446275002,2100,881,48
1403-02-15,Bus,Isfahan,Shiraz,Seir-o-Safar,1888,794,1306124,1037062456,2264,842,46
1403-02-15,Bus,Isfahan,Shiraz,Iran Peyma,1681,807,1330820,1073971740,2311,855,47
1403-02-15,Bus,Isfahan,Shiraz,Royal Safar,1557,677,1355516,917684332,1845,718,39
1403-02-15,Bus,Isfahan,Shiraz,Ham-o-Safar,1630,878,1380212,1211826136,2251,931,51
1403-02-15,Train,Isfahan,Shiraz,RAJA,2447,856,1903971,1629799176,2441,907,50
1403-02-15,Train,Isfahan,Shiraz,Fadak,2179,763,1939971,1480197873,2185,809,44
1403-02-15,Train,Isfahan,Shiraz,Noor,2019,707,1975971,1397011497,1927,749,41
1403-02-15,Train,Isfahan,Shiraz,Bon Rail,2113,740,2011971,1488858540,1897,784,43
1403-02-15,Train,Isfahan,Shiraz,Joopar,2375,831,2047971,1701863901,2100,881,48
1403-03-15,Bus,Tehran,Mashhad,Seir-o-Safar,1681,1298,2268047,2943925006,3717,1376,76
1403-03-15,Bus,Tehran,Mashhad,Iran Peyma,1557,1249,2310527,2885848223,3404,1324,73
1403-03-15,Bus,Tehran,Mashhad,Royal Safar,1630,1445,2353007,3400095115,3705,1532,84
1403-03-15,Bus,Tehran,Mashhad,Ham-o-Safar,1832,1509,2395487,3614789883,3814,1600,88
1403-03-15,Train,Tehran,Mashhad,RAJA,2179,763,3171421,2419794223,2185,809,44
1403-03-15,Train,Tehran,Mashhad,Fadak,2019,707,3230821,2284190447,1927,749,41
1403-03-15,Train,Tehran,Mashhad,Noor,2113,740,3290221,2434763540,1897,784,43
1403-03-15,Train,Tehran,Mashhad,Bon Rail,2375,831,3349621,2783535051,2100,881,48
1403-03-15,Train,Tehran,Mashhad,Joopar,2565,898,3409021,3061300858,2379,952,52
1403-03-15,Train,Tehran,Mashhad,Rail Seir Kosar,2507,877,3468421,3041805217,2472,930,51
1403-03-15,Bus,Tehran,Shiraz,Seir-o-Safar,1681,1016,1902853,1933298648,2909,1077,59
1403-03-15,Bus,Tehran,Shiraz,Iran Peyma,1557,1213,1938493,2351392009,3306,1286,71
1403-03-15,Bus,Tehran,Shiraz,Royal Safar,1630,1062,1974133,2096529246,2723,1126,62
1403-03-15,Bus,Tehran,Shiraz,Ham-o-Safar,1832,1536,2009773,3087011328,3882,1628,90
1403-03-15,Train,Tehran,Shiraz,RAJA,2179,763,2690903,2053158989,2185,809,44
1403-03-15,Train,Tehran,Shiraz,Fadak,2019,707,2741303,1938101221,1927,749,41
1403-03-15,Train,Tehran,Shiraz,Noor,2113,740,2791703,2065860220,1897,784,43
1403-03-15,Train,Tehran,Shiraz,Bon Rail,2375,831,2842103,2361787593,2100,881,48
1403-03-15,Train,Tehran,Shiraz,Joopar,2565,898,2892503,2597467694,2379,952,52
1403-03-15,Bus,Tehran,Isfahan,Seir-o-Safar,1681,1140,1446360,1648850400,3265,1208,66
1403-03-15,Bus,Tehran,Isfahan,Iran Peyma,1557,926,1473450,1364414700,2524,982,54
1403-03-15,Bus,Tehran,Isfahan,Royal Safar,1630,1234,1500540,1851666360,3164,1308,72
1403-03-15,Bus,Tehran,Isfahan,Ham-o-Safar,1832,1161,1527630,1773578430,2934,1231,68
1403-03-15,Train,Tehran,Isfahan,RAJA,2179,763,2090255,1594864565,2185,809,44
1403-03-15,Train,Tehran,Isfahan,Fadak,2019,707,2129405,1505489335,1927,749,41
1403-03-15,Train,Tehran,Isfahan,Noor,2113,740,2168555,1604730700,1897,784,43
1403-03-15,Train,Tehran,Isfahan,Bon Rail,2375,831,2207705,1834602855,2100,881,48
1403-03-15,Train,Tehran,Isfahan,Joopar,2565,898,2246855,2017675790,2379,952,52
1403-03-15,Bus,Tehran,Tabriz,Seir-o-Safar,1681,964,1811554,1746338056,2761,1022,56
1403-03-15,Bus,Tehran,Tabriz,Iran Peyma,1557,1033,1845484,1906384972,2815,1095,60
1403-03-15,Bus,Tehran,Tabriz,Royal Safar,1630,968,1879414,1819272752,2482,1026,56
1403-03-15,Bus,Tehran,Tabriz,Ham-o-Safar,1832,1360,1913344,2602147840,3437,1442,79
1403-03-15,Train,Tehran,Tabriz,RAJA,2179,763,2570773,1961499799,2185,809,44
1403-03-15,Train,Tehran,Tabriz,Fadak,2019,707,2618923,1851578561,1927,749,41
1403-03-15,Train,Tehran,Tabriz,Noor,2113,740,2667073,1973634020,1897,784,43
1403-03-15,Train,Tehran,Tabriz,Bon Rail,2375,831,2715223,2256350313,2100,881,48
1403-03-15,Train,Tehran,Tabriz,Joopar,2565,898,2763373,2481508954,2379,952,52
1403-03-15,Bus,Tehran,Rasht,Seir-o-Safar,1681,945,1227244,1159745580,2706,1002,55
1403-03-15,Bus,Tehran,Rasht,Iran Peyma,1557,895,1250230,1118955850,2439,949,52
1403-03-15,Bus,Tehran,Rasht,Royal Safar,1630,1051,1273216,1338150016,2695,1114,61
1403-03-15,Bus,Tehran,Rasht,Ham-o-Safar,1832,1083,1296202,1403786766,2737,1148,63
1403-03-15,Train,Tehran,Rasht,RAJA,2179,763,1801944,1374883272,2185,809,44
1403-03-15,Train,Tehran,Rasht,Fadak,2019,707,1835694,1297835658,1927,749,41
1403-03-15,Train,Tehran,Rasht,Noor,2113,740,1869444,1383388560,1897,784,43
1403-03-15,Train,Tehran,Rasht,Bon Rail,2375,831,1903194,1581554214,2100,881,48
1403-03-15,Train,Tehran,Rasht,Joopar,2565,898,1936944,1739375712,2379,952,52
1403-03-15,Bus,Tehran,Ahvaz,Seir-o-Safar,1681,918,2121969,1947967542,2629,973,54
1403-03-15,Bus,Tehran,Ahvaz,Iran Peyma,1557,829,2161713,1792060077,2259,879,48
1403-03-15,Bus,Tehran,Ahvaz,Royal Safar,1630,916,2201457,2016534612,2348,971,53
1403-03-15,Bus,Tehran,Ahvaz,Ham-o-Safar,1832,1117,2241201,2503421517,2823,1184,65
1403-03-15,Train,Tehran,Ahvaz,RAJA,2179,763,2979214,2273140282,2185,809,44
1403-03-15,Train,Tehran,Ahvaz,Fadak,2019,707,3035014,2145754898,1927,749,41
1403-03-15,Train,Tehran,Ahvaz,Noor,2113,740,3090814,2287202360,1897,784,43
1403-03-15,Train,Tehran,Ahvaz,Bon Rail,2375,831,3146614,2614836234,2100,881,48
1403-03-15,Train,Tehran,Ahvaz,Joopar,2565,898,3202414,2875767772,2379,952,52
1403-03-15,Bus,Tehran,Kerman,Seir-o-Safar,1681,669,2450644,1639480836,1916,709,39
1403-03-15,Bus,Tehran,Kerman,Iran Peyma,1557,749,2496544,1869911456,2041,794,44
1403-03-15,Bus,Tehran,Kerman,Royal Safar,1630,741,2542444,1883951004,1900,785,43
1403-03-15,Bus,Tehran,Kerman,Ham-o-Safar,1832,907,2588344,2347628008,2292,961,53
1403-03-15,Train,Tehran,Kerman,RAJA,2179,763,3411681,2603112603,2185,809,44
1403-03-15,Train,Tehran,Kerman,Fadak,2019,707,3475581,2457235767,1927,749,41
1403-03-15,Train,Tehran,Kerman,Noor,2113,740,3539481,2619215940,1897,784,43
1403-03-15,Train,Tehran,Kerman,Bon Rail,2375,831,3603381,2994409611,2100,881,48
1403-03-15,Train,Tehran,Kerman,Joopar,2565,898,3667281,3293218338,2379,952,52
1403-03-15,Bus,Tehran,Qom,Seir-o-Safar,1681,1311,953348,1249839228,3754,1390,76
1403-03-15,Bus,Tehran,Qom,Iran Peyma,1557,1040,971204,1010052160,2834,1102,61
1403-03-15,Bus,Tehran,Qom,Royal Safar,1630,1344,989060,1329296640,3446,1425,78
1403-03-15,Bus,Tehran,Qom,Ham-o-Safar,1832,1386,1006916,1395585576,3503,1469,81
1403-03-15,Train,Tehran,Qom,RAJA,2179,763,1441555,1099906465,2185,809,44
1403-03-15,Train,Tehran,Qom,Fadak,2019,707,1468555,1038268385,1927,749,41
1403-03-15,Train,Tehran,Qom,Noor,2113,740,1495555,1106710700,1897,784,43
1403-03-15,Train,Tehran,Qom,Bon Rail,2375,831,1522555,1265243205,2100,881,48
1403-03-15,Train,Tehran,Qom,Joopar,2565,898,1549555,1391500390,2379,952,52
1403-03-15,Bus,Mashhad,Isfahan,Seir-o-Safar,1681,618,2359345,1458075210,1770,655,36
1403-03-15,Bus,Mashhad,Isfahan,Iran Peyma,1557,743,2403535,1785826505,2025,788,43
1403-03-15,Bus,Mashhad,Isfahan,Royal Safar,1630,657,2447725,1608155325,1684,696,38
1403-03-15,Bus,Mashhad,Isfahan,Ham-o-Safar,1832,928,2491915,2312497120,2345,984,54
1403-03-15,Train,Mashhad,Isfahan,RAJA,2179,763,3291551,2511453413,2185,809,44
1403-03-15,Train,Mashhad,Isfahan,Fadak,2019,707,3353201,2370713107,1927,749,41
1403-03-15,Train,Mashhad,Isfahan,Noor,2113,740,3414851,2526989740,1897,784,43
1403-03-15,Train,Mashhad,Isfahan,Bon Rail,2375,831,3476501,2888972331,2100,881,48
1403-03-15,Train,Mashhad,Isfahan,Joopar,2565,898,3538151,3177259598,2379,952,52
1403-03-15,Bus,Mashhad,Shiraz,Seir-o-Safar,1681,640,2724539,1743704960,1833,678,37
1403-03-15,Bus,Mashhad,Shiraz,Iran Peyma,1557,545,2775569,1512685105,1485,578,32
1403-03-15,Bus,Mashhad,Shiraz,Royal Safar,1630,683,2826599,1930567117,1751,724,40
1403-03-15,Bus,Mashhad,Shiraz,Ham-o-Safar,1832,643,2877629,1850315447,1625,682,38
1403-03-15,Train,Mashhad,Shiraz,RAJA,2179,763,3772069,2878088647,2185,809,44
1403-03-15,Train,Mashhad,Shiraz,Fadak,2019,707,3842719,2716802333,1927,749,41
1403-03-15,Train,Mashhad,Shiraz,Noor,2113,740,3913369,2895893060,1897,784,43
1403-03-15,Train,Mashhad,Shiraz,Bon Rail,2375,831,3984019,3310719789,2100,881,48
1403-03-15,Train,Mashhad,Shiraz,Joopar,2565,898,4054669,3641092762,2379,952,52
1403-03-15,Bus,Mashhad,Ahvaz,Seir-o-Safar,1681,588,2815838,1655712744,1684,623,34
1403-03-15,Bus,Mashhad,Ahvaz,Iran Peyma,1557,545,2868578,1563375010,1485,578,32
1403-03-15,Bus,Mashhad,Ahvaz,Royal Safar,1630,571,2921318,1668072578,1464,605,33
1403-03-15,Bus,Mashhad,Ahvaz,Ham-o-Safar,1832,698,2974058,2075892484,1764,740,41
1403-03-15,Train,Mashhad,Ahvaz,RAJA,2179,763,3892199,2969747837,2185,809,44
1403-03-15,Train,Mashhad,Ahvaz,Fadak,2019,707,3965099,2803324993,1927,749,41
1403-03-15,Train,Mashhad,Ahvaz,Noor,2113,740,4037999,2988119260,1897,784,43
1403-03-15,Train,Mashhad,Ahvaz,Bon Rail,2375,831,4110899,3416157069,2100,881,48
1403-03-15,Train,Mashhad,Ahvaz,Joopar,2565,898,4183799,3757051502,2379,952,52
1403-03-15,Bus,Isfahan,Shiraz,Seir-o-Safar,1681,843,1318542,1111530906,2414,894,49
1403-03-15,Bus,Isfahan,Shiraz,Iran Peyma,1557,751,1343238,1008771738,2047,796,44
1403-03-15,Bus,Isfahan,Shiraz,Royal Safar,1630,931,1367934,1273546554,2387,987,54
1403-03-15,Bus,Isfahan,Shiraz,Ham-o-Safar,1832,917,1392630,1277041710,2318,972,53
1403-03-15,Train,Isfahan,Shiraz,RAJA,2179,763,1922074,1466542462,2185,809,44
1403-03-15,Train,Isfahan,Shiraz,Fadak,2019,707,1958074,1384358318,1927,749,41
1403-03-15,Train,Isfahan,Shiraz,Noor,2113,740,1994074,1475614760,1897,784,43
1403-03-15,Train,Isfahan,Shiraz,Bon Rail,2375,831,2030074,1686991494,2100,881,48
1403-03-15,Train,Isfahan,Shiraz,Joopar,2565,898,2066074,1855334452,2379,952,52
1403-04-15,Bus,Tehran,Mashhad,Seir-o-Safar,1557,1071,2277252,2438936892,2919,1135,62
1403-04-15,Bus,Tehran,Mashhad,Iran Peyma,1630,1161,2319732,2693208852,2977,1231,68
1403-04-15,Bus,Tehran,Mashhad,Royal Safar,1832,1294,2362212,3056702328,3270,1372,75
1403-04-15,Bus,Tehran,Mashhad,Ham-o-Safar,1979,1607,2404692,3864340044,4258,1703,94
1403-04-15,Train,Tehran,Mashhad,RAJA,2019,707,3184293,2251295151,1927,749,41
1403-04-15,Train,Tehran,Mashhad,Fadak,2113,740,3243693,2400332820,1897,784,43
1403-04-15,Train,Tehran,Mashhad,Noor,2375,831,3303093,2744870283,2100,881,48
1403-04-15,Train,Tehran,Mashhad,Bon Rail,2565,898,3362493,3019518714,2379,952,52
1403-04-15,Train,Tehran,Mashhad,Joopar,2507,877,3421893,3001000161,2472,930,51
1403-04-15,Train,Tehran,Mashhad,Rail Seir Kosar,2255,789,3481293,2746740177,2271,836,46
1403-04-15,Bus,Tehran,Shiraz,Seir-o-Safar,1557,996,1910576,1902933696,2714,1056,58
1403-04-15,Bus,Tehran,Shiraz,Iran Peyma,1630,883,1946216,1718508728,2264,936,51
1403-04-15,Bus,Tehran,Shiraz,Royal Safar,1832,1286,1981856,2548666816,3250,1363,75
1403-04-15,Bus,Tehran,Shiraz,Ham-o-Safar,1979,1166,2017496,2352400336,3090,1236,68
1403-04-15,Train,Tehran,Shiraz,RAJA,2019,707,2701825,1910190275,1927,749,41
1403-04-15,Train,Tehran,Shiraz,Fadak,2113,740,2752225,2036646500,1897,784,43
1403-04-15,Train,Tehran,Shiraz,Noor,2375,831,2802625,2328981375,2100,881,48
1403-04-15,Train,Tehran,Shiraz,Bon Rail,2565,898,2853025,2562016450,2379,952,52
1403-04-15,Train,Tehran,Shiraz,Joopar,2507,877,2903425,2546303725,2472,930,51
1403-04-15,Bus,Tehran,Isfahan,Seir-o-Safar,1557,786,1452231,1141453566,2142,833,46
1403-04-15,Bus,Tehran,Isfahan,Iran Peyma,1630,1010,1479321,1494114210,2589,1071,59
1403-04-15,Bus,Tehran,Isfahan,Royal Safar,1832,971,1506411,1462725081,2454,1029,57
1403-04-15,Bus,Tehran,Isfahan,Ham-o-Safar,1979,1351,1533501,2071759851,3580,1432,79
1403-04-15,Train,Tehran,Isfahan,RAJA,2019,707,2098739,1483808473,1927,749,41
1403-04-15,Train,Tehran,Isfahan,Fadak,2113,740,2137889,1582037860,1897,784,43
1403-04-15,Train,Tehran,Isfahan,Noor,2375,831,2177039,1809119409,2100,881,48
1403-04-15,Train,Tehran,Isfahan,Bon Rail,2565,898,2216189,1990137722,2379,952,52
1403-04-15,Train,Tehran,Isfahan,Joopar,2507,877,2255339,1977932303,2472,930,51
1403-04-15,Bus,Tehran,Tabriz,Seir-o-Safar,1557,831,1818907,1511511717,2265,881,48
1403-04-15,Bus,Tehran,Tabriz,Iran Peyma,1630,826,1852837,1530443362,2118,876,48
1403-04-15,Bus,Tehran,Tabriz,Royal Safar,1832,1111,1886767,2096198137,2808,1178,65
1403-04-15,Bus,Tehran,Tabriz,Ham-o-Safar,1979,1042,1920697,2001366274,2761,1105,61
1403-04-15,Train,Tehran,Tabriz,RAJA,2019,707,2581207,1824913349,1927,749,41
1403-04-15,Train,Tehran,Tabriz,Fadak,2113,740,2629357,1945724180,1897,784,43
1403-04-15,Train,Tehran,Tabriz,Noor,2375,831,2677507,2225008317,2100,881,48
1403-04-15,Train,Tehran,Tabriz,Bon Rail,2565,898,2725657,2447639986,2379,952,52
1403-04-15,Train,Tehran,Tabriz,Joopar,2507,877,2773807,2432628739,2472,930,51
1403-04-15,Bus,Tehran,Rasht,Seir-o-Safar,1557,768,1232225,946348800,2093,814,45
1403-04-15,Bus,Tehran,Rasht,Iran Peyma,1630,845,1255211,1060653295,2166,896,49
1403-04-15,Bus,Tehran,Rasht,Royal Safar,1832,928,1278197,1186166816,2345,984,54
1403-04-15,Bus,Tehran,Rasht,Ham-o-Safar,1979,1167,1301183,1518480561,3092,1237,68
1403-04-15,Train,Tehran,Rasht,RAJA,2019,707,1809258,1279145406,1927,749,41
1403-04-15,Train,Tehran,Rasht,Fadak,2113,740,1843008,1363825920,1897,784,43
1403-04-15,Train,Tehran,Rasht,Noor,2375,831,1876758,1559585898,2100,881,48
1403-04-15,Train,Tehran,Rasht,Bon Rail,2565,898,1910508,1715636184,2379,952,52
1403-04-15,Train,Tehran,Rasht,Joopar,2507,877,1944258,1705114266,2472,930,51
1403-04-15,Bus,Tehran,Ahvaz,Seir-o-Safar,1557,664,2130582,1414706448,1810,704,39
1403-04-15,Bus,Tehran,Ahvaz,Iran Peyma,1630,786,2170326,1705876236,2015,833,46
1403-04-15,Bus,Tehran,Ahvaz,Royal Safar,1832,898,2210070,1984642860,2270,952,52
1403-04-15,Bus,Tehran,Ahvaz,Ham-o-Safar,1979,978,2249814,2200318092,2591,1037,57
1403-04-15,Train,Tehran,Ahvaz,RAJA,2019,707,2991306,2114853342,1927,749,41
1403-04-15,Train,Tehran,Ahvaz,Fadak,2113,740,3047106,2254858440,1897,784,43
1403-04-15,Train,Tehran,Ahvaz,Noor,2375,831,3102906,2578514886,2100,881,48
1403-04-15,Train,Tehran,Ahvaz,Bon Rail,2565,898,3158706,2836517988,2379,952,52
1403-04-15,Train,Tehran,Ahvaz,Joopar,2507,877,3214506,2819121762,2472,930,51
1403-04-15,Bus,Tehran,Kerman,Seir-o-Safar,1557,635,2460590,1562474650,1731,673,37
1403-04-15,Bus,Tehran,Kerman,Iran Peyma,1630,596,2506490,1493868040,1528,632,35
1403-04-15,Bus,Tehran,Kerman,Royal Safar,1832,779,2552390,1988311810,1969,826,45
1403-04-15,Bus,Tehran,Kerman,Ham-o-Safar,1979,827,2598290,2148785830,2191,877,48
1403-04-15,Train,Tehran,Kerman,RAJA,2019,707,3425528,2421848296,1927,749,41
1403-04-15,Train,Tehran,Kerman,Fadak,2113,740,3489428,2582176720,1897,784,43
1403-04-15,Train,Tehran,Kerman,Noor,2375,831,3553328,2952815568,2100,881,48
1403-04-15,Train,Tehran,Kerman,Bon Rail,2565,898,3617228,3248270744,2379,952,52
1403-04-15,Train,Tehran,Kerman,Joopar,2507,877,3681128,3228349256,2472,930,51
1403-04-15,Bus,Tehran,Qom,Seir-o-Safar,1557,849,957218,812678082,2314,900,50
1403-04-15,Bus,Tehran,Qom,Iran Peyma,1630,1137,975074,1108659138,2915,1205,66
1403-04-15,Bus,Tehran,Qom,Royal Safar,1832,1119,992930,1111088670,2828,1186,65
1403-04-15,Bus,Tehran,Qom,Ham-o-Safar,1979,1442,1010786,1457553412,3821,1529,84
1403-04-15,Train,Tehran,Qom,RAJA,2019,707,1447406,1023316042,1927,749,41
1403-04-15,Train,Tehran,Qom,Fadak,2113,740,1474406,1091060440,1897,784,43
1403-04-15,Train,Tehran,Qom,Noor,2375,831,1501406,1247668386,2100,881,48
1403-04-15,Train,Tehran,Qom,Bon Rail,2565,898,1528406,1372508588,2379,952,52
1403-04-15,Train,Tehran,Qom,Joopar,2507,877,1555406,1364091062,2472,930,51
1403-04-15,Bus,Mashhad,Isfahan,Seir-o-Safar,1557,616,2368921,1459255336,1679,653,36
1403-04-15,Bus,Mashhad,Isfahan,Iran Peyma,1630,571,2413111,1377886381,1464,605,33
1403-04-15,Bus,Mashhad,Isfahan,Royal Safar,1832,783,2457301,1924066683,1979,830,46
1403-04-15,Bus,Mashhad,Isfahan,Ham-o-Safar,1979,726,2501491,1816082466,1924,770,42
1403-04-15,Train,Mashhad,Isfahan,RAJA,2019,707,3304911,2336572077,1927,749,41
1403-04-15,Train,Mashhad,Isfahan,Fadak,2113,740,3366561,2491255140,1897,784,43
1403-04-15,Train,Mashhad,Isfahan,Noor,2375,831,3428211,2848843341,2100,881,48
1403-04-15,Train,Mashhad,Isfahan,Bon Rail,2565,898,3489861,3133895178,2379,952,52
1403-04-15,Train,Mashhad,Isfahan,Joopar,2507,877,3551511,3114675147,2472,930,51
1403-04-15,Bus,Mashhad,Shiraz,Seir-o-Safar,1557,545,2735597,1490900365,1485,578,32
1403-04-15,Bus,Mashhad,Shiraz,Iran Peyma,1630,571,2786627,1591164017,1464,605,33
1403-04-15,Bus,Mashhad,Shiraz,Royal Safar,1832,641,2837657,1818938137,1620,679,37
1403-04-15,Bus,Mashhad,Shiraz,Ham-o-Safar,1979,744,2888687,2149183128,1971,789,43
1403-04-15,Train,Mashhad,Shiraz,RAJA,2019,707,3787379,2677676953,1927,749,41
1403-04-15,Train,Mashhad,Shiraz,Fadak,2113,740,3858029,2854941460,1897,784,43
1403-04-15,Train,Mashhad,Shiraz,Noor,2375,831,3928679,3264732249,2100,881,48
1403-04-15,Train,Mashhad,Shiraz,Bon Rail,2565,898,3999329,3591397442,2379,952,52
1403-04-15,Train,Mashhad,Shiraz,Joopar,2507,877,4069979,3569371583,2472,930,51
1403-04-15,Bus,Mashhad,Ahvaz,Seir-o-Safar,1557,545,2827267,1540860515,1485,578,32
1403-04-15,Bus,Mashhad,Ahvaz,Iran Peyma,1630,571,2880007,1644483997,1464,605,33
1403-04-15,Bus,Mashhad,Ahvaz,Royal Safar,1832,641,2932747,1879890827,1620,679,37
1403-04-15,Bus,Mashhad,Ahvaz,Ham-o-Safar,1979,693,2985487,2068942491,1836,735,40
1403-04-15,Train,Mashhad,Ahvaz,RAJA,2019,707,3907996,2762953172,1927,749,41
1403-04-15,Train,Mashhad,Ahvaz,Fadak,2113,740,3980896,2945863040,1897,784,43
1403-04-15,Train,Mashhad,Ahvaz,Noor,2375,831,4053796,3368704476,2100,881,48
1403-04-15,Train,Mashhad,Ahvaz,Bon Rail,2565,898,4126696,3705773008,2379,952,52
1403-04-15,Train,Mashhad,Ahvaz,Joopar,2507,877,4199596,3683045692,2472,930,51
1403-04-15,Bus,Isfahan,Shiraz,Seir-o-Safar,1557,644,1323894,852587736,1755,683,38
1403-04-15,Bus,Isfahan,Shiraz,Iran Peyma,1630,753,1348590,1015488270,1931,798,44
1403-04-15,Bus,Isfahan,Shiraz,Royal Safar,1832,781,1373286,1072536366,1974,828,46
1403-04-15,Bus,Isfahan,Shiraz,Ham-o-Safar,1979,1030,1397982,1439921460,2729,1092,60
1403-04-15,Train,Isfahan,Shiraz,RAJA,2019,707,1929875,1364421625,1927,749,41
1403-04-15,Train,Isfahan,Shiraz,Fadak,2113,740,1965875,1454747500,1897,784,43
1403-04-15,Train,Isfahan,Shiraz,Noor,2375,831,2001875,1663558125,2100,881,48
1403-04-15,Train,Isfahan,Shiraz,Bon Rail,2565,898,2037875,1830011750,2379,952,52
1403-04-15,Train,Isfahan,Shiraz,Joopar,2507,877,2073875,1818788375,2472,930,51
1403-05-15,Bus,Tehran,Mashhad,Seir-o-Safar,1630,991,2272049,2251600559,2541,1050,58
1403-05-15,Bus,Tehran,Mashhad,Iran Peyma,1832,1185,2314529,2742716865,2995,1256,69
1403-05-15,Bus,Tehran,Mashhad,Royal Safar,1979,1383,2357009,3259743447,3665,1466,81
1403-05-15,Bus,Tehran,Mashhad,Ham-o-Safar,1934,1282,2399489,3076144898,3613,1359,75
1403-05-15,Train,Tehran,Mashhad,RAJA,2113,740,3177017,2350992580,1897,784,43
1403-05-15,Train,Tehran,Mashhad,Fadak,2375,831,3236417,2689462527,2100,881,48
1403-05-15,Train,Tehran,Mashhad,Noor,2565,898,3295817,2959643666,2379,952,52
1403-05-15,Train,Tehran,Mashhad,Bon Rail,2507,877,3355217,2942525309,2472,930,51
1403-05-15,Train,Tehran,Mashhad,Joopar,2255,789,3414617,2694132813,2271,836,46
1403-05-15,Train,Tehran,Mashhad,Rail Seir Kosar,2041,714,3474017,2480448138,1981,757,42
1403-05-15,Bus,Tehran,Shiraz,Seir-o-Safar,1630,789,1906210,1503999690,2023,836,46
1403-05-15,Bus,Tehran,Shiraz,Iran Peyma,1832,1135,1941850,2203999750,2869,1203,66
1403-05-15,Bus,Tehran,Shiraz,Royal Safar,1979,1027,1977490,2030882230,2721,1089,60
1403-05-15,Bus,Tehran,Shiraz,Ham-o-Safar,1934,1296,2013130,2609016480,3652,1374,76
1403-05-15,Train,Tehran,Shiraz,RAJA,2113,740,2695651,1994781740,1897,784,43
1403-05-15,Train,Tehran,Shiraz,Fadak,2375,831,2746051,2281968381,2100,881,48
1403-05-15,Train,Tehran,Shiraz,Noor,2565,898,2796451,2511212998,2379,952,52
1403-05-15,Train,Tehran,Shiraz,Bon Rail,2507,877,2846851,2496688327,2472,930,51
1403-05-15,Train,Tehran,Shiraz,Joopar,2255,789,2897251,2285931039,2271,836,46
1403-05-15,Bus,Tehran,Isfahan,Seir-o-Safar,1630,873,1448912,1264900176,2238,925,51
1403-05-15,Bus,Tehran,Isfahan,Iran Peyma,1832,875,1476002,1291501750,2211,928,51
1403-05-15,Bus,Tehran,Isfahan,Royal Safar,1979,1189,1503092,1787176388,3150,1260,69
1403-05-15,Bus,Tehran,Isfahan,Ham-o-Safar,1934,977,1530182,1494987814,2753,1036,57
1403-05-15,Train,Tehran,Isfahan,RAJA,2113,740,2093943,1549517820,1897,784,43
1403-05-15,Train,Tehran,Isfahan,Fadak,2375,831,2133093,1772600283,2100,881,48
1403-05-15,Train,Tehran,Isfahan,Noor,2565,898,2172243,1950674214,2379,952,52
1403-05-15,Train,Tehran,Isfahan,Bon Rail,2507,877,2211393,1939391661,2472,930,51
1403-05-15,Train,Tehran,Isfahan,Joopar,2255,789,2250543,1775678427,2271,836,46
1403-05-15,Bus,Tehran,Tabriz,Seir-o-Safar,1630,753,1814751,1366507503,1931,798,44
1403-05-15,Bus,Tehran,Tabriz,Iran Peyma,1832,959,1848681,1772885079,2424,1017,56
1403-05-15,Bus,Tehran,Tabriz,Royal Safar,1979,944,1882611,1777184784,2501,1001,55
1403-05-15,Bus,Tehran,Tabriz,Ham-o-Safar,1934,1138,1916541,2181023658,3207,1206,66
1403-05-15,Train,Tehran,Tabriz,RAJA,2113,740,2575309,1905728660,1897,784,43
1403-05-15,Train,Tehran,Tabriz,Fadak,2375,831,2623459,2180094429,2100,881,48
1403-05-15,Train,Tehran,Tabriz,Noor,2565,898,2671609,2399104882,2379,952,52
1403-05-15,Train,Tehran,Tabriz,Bon Rail,2507,877,2719759,2385228643,2472,930,51
1403-05-15,Train,Tehran,Tabriz,Joopar,2255,789,2767909,2183880201,2271,836,46
1403-05-15,Bus,Tehran,Rasht,Seir-o-Safar,1630,721,1229409,886403889,1848,764,42
1403-05-15,Bus,Tehran,Rasht,Iran Peyma,1832,849,1252395,1063283355,2146,900,50
1403-05-15,Bus,Tehran,Rasht,Royal Safar,1979,1006,1275381,1283033286,2666,1066,59
1403-05-15,Bus,Tehran,Rasht,Ham-o-Safar,1934,920,1298367,1194497640,2593,975,54
1403-05-15,Train,Tehran,Rasht,RAJA,2113,740,1805123,1335791020,1897,784,43
1403-05-15,Train,Tehran,Rasht,Fadak,2375,831,1838873,1528103463,2100,881,48
1403-05-15,Train,Tehran,Rasht,Noor,2565,898,1872623,1681615454,2379,952,52
1403-05-15,Train,Tehran,Rasht,Bon Rail,2507,877,1906373,1671889121,2472,930,51
1403-05-15,Train,Tehran,Rasht,Joopar,2255,789,1940123,1530757047,2271,836,46
1403-05-15,Bus,Tehran,Ahvaz,Seir-o-Safar,1630,716,2125713,1522010508,1836,759,42
1403-05-15,Bus,Tehran,Ahvaz,Iran Peyma,1832,768,2165457,1663070976,1941,814,45
1403-05-15,Bus,Tehran,Ahvaz,Royal Safar,1979,897,2205201,1978065297,2377,951,52
1403-05-15,Bus,Tehran,Ahvaz,Ham-o-Safar,1934,929,2244945,2085553905,2618,985,54
1403-05-15,Train,Tehran,Ahvaz,RAJA,2113,740,2984471,2208508540,1897,784,43
1403-05-15,Train,Tehran,Ahvaz,Fadak,2375,831,3040271,2526465201,2100,881,48
1403-05-15,Train,Tehran,Ahvaz,Noor,2565,898,3096071,2780271758,2379,952,52
1403-05-15,Train,Tehran,Ahvaz,Bon Rail,2507,877,3151871,2764190867,2472,930,51
1403-05-15,Train,Tehran,Ahvaz,Joopar,2255,789,3207671,2530852419,2271,836,46
1403-05-15,Bus,Tehran,Kerman,Seir-o-Safar,1630,571,2454968,1401786728,1464,605,33
1403-05-15,Bus,Tehran,Kerman,Iran Peyma,1832,708,2500868,1770614544,1789,750,41
1403-05-15,Bus,Tehran,Kerman,Royal Safar,1979,709,2546768,1805658512,1879,752,41
1403-05-15,Bus,Tehran,Kerman,Ham-o-Safar,1934,772,2592668,2001539696,2176,818,45
1403-05-15,Train,Tehran,Kerman,RAJA,2113,740,3417700,2529098000,1897,784,43
1403-05-15,Train,Tehran,Kerman,Fadak,2375,831,3481600,2893209600,2100,881,48
1403-05-15,Train,Tehran,Kerman,Noor,2565,898,3545500,3183859000,2379,952,52
1403-05-15,Train,Tehran,Kerman,Bon Rail,2507,877,3609400,3165443800,2472,930,51
1403-05-15,Train,Tehran,Kerman,Joopar,2255,789,3673300,2898233700,2271,836,46
1403-05-15,Bus,Tehran,Qom,Seir-o-Safar,1630,1015,955031,969356465,2602,1076,59
1403-05-15,Bus,Tehran,Qom,Iran Peyma,1832,969,972887,942727503,2449,1027,56
1403-05-15,Bus,Tehran,Qom,Royal Safar,1979,1310,990743,1297873330,3471,1389,76
1403-05-15,Bus,Tehran,Qom,Ham-o-Safar,1934,1153,1008599,1162914647,3249,1222,67
1403-05-15,Train,Tehran,Qom,RAJA,2113,740,1444099,1068633260,1897,784,43
1403-05-15,Train,Tehran,Qom,Fadak,2375,831,1471099,1222483269,2100,881,48
1403-05-15,Train,Tehran,Qom,Noor,2565,898,1498099,1345292902,2379,952,52
1403-05-15,Train,Tehran,Qom,Bon Rail,2507,877,1525099,1337511823,2472,930,51
1403-05-15,Train,Tehran,Qom,Joopar,2255,789,1552099,1224606111,2271,836,46
1403-05-15,Bus,Mashhad,Isfahan,Seir-o-Safar,1630,571,2363508,1349563068,1464,605,33
1403-05-15,Bus,Mashhad,Isfahan,Iran Peyma,1832,697,2407698,1678165506,1762,739,41
1403-05-15,Bus,Mashhad,Isfahan,Royal Safar,1979,693,2451888,1699158384,1836,735,40
1403-05-15,Bus,Mashhad,Isfahan,Ham-o-Safar,1934,785,2496078,1959421230,2212,832,46
1403-05-15,Train,Mashhad,Isfahan,RAJA,2113,740,3297359,2440045660,1897,784,43
1403-05-15,Train,Mashhad,Isfahan,Fadak,2375,831,3359009,2791336479,2100,881,48
1403-05-15,Train,Mashhad,Isfahan,Noor,2565,898,3420659,3071751782,2379,952,52
1403-05-15,Train,Mashhad,Isfahan,Bon Rail,2507,877,3482309,3053984993,2472,930,51
1403-05-15,Train,Mashhad,Isfahan,Joopar,2255,789,3543959,2796183651,2271,836,46
1403-05-15,Bus,Mashhad,Shiraz,Seir-o-Safar,1630,571,2729346,1558456566,1464,605,33
1403-05-15,Bus,Mashhad,Shiraz,Iran Peyma,1832,641,2780376,1782221016,1620,679,37
1403-05-15,Bus,Mashhad,Shiraz,Royal Safar,1979,693,2831406,1962164358,1836,735,40
1403-05-15,Bus,Mashhad,Shiraz,Ham-o-Safar,1934,677,2882436,1951409172,1908,718,39
1403-05-15,Train,Mashhad,Shiraz,RAJA,2113,740,3778725,2796256500,1897,784,43
1403-05-15,Train,Mashhad,Shiraz,Fadak,2375,831,3849375,3198830625,2100,881,48
1403-05-15,Train,Mashhad,Shiraz,Noor,2565,898,3920025,3520182450,2379,952,52
1403-05-15,Train,Mashhad,Shiraz,Bon Rail,2507,877,3990675,3499821975,2472,930,51
1403-05-15,Train,Mashhad,Shiraz,Joopar,2255,789,4061325,3204385425,2271,836,46
1403-05-15,Bus,Mashhad,Ahvaz,Seir-o-Safar,1630,571,2820806,1610680226,1464,605,33
1403-05-15,Bus,Mashhad,Ahvaz,Iran Peyma,1832,641,2873546,1841942986,1620,679,37
1403-05-15,Bus,Mashhad,Ahvaz,Royal Safar,1979,693,2926286,2027916198,1836,735,40
1403-05-15,Bus,Mashhad,Ahvaz,Ham-o-Safar,1934,677,2979026,2016800602,1908,718,39
1403-05-15,Train,Mashhad,Ahvaz,RAJA,2113,740,3899066,2885308840,1897,784,43
1403-05-15,Train,Mashhad,Ahvaz,Fadak,2375,831,3971966,3300703746,2100,881,48
1403-05-15,Train,Mashhad,Ahvaz,Noor,2565,898,4044866,3632289668,2379,952,52
1403-05-15,Train,Mashhad,Ahvaz,Bon Rail,2507,877,4117766,3611280782,2472,930,51
1403-05-15,Train,Mashhad,Ahvaz,Joopar,2255,789,4190666,3306435474,2271,836,46
1403-05-15,Bus,Isfahan,Shiraz,Seir-o-Safar,1630,644,1320869,850639636,1651,683,38
1403-05-15,Bus,Isfahan,Shiraz,Iran Peyma,1832,712,1345565,958042280,1800,755,42
1403-05-15,Bus,Isfahan,Shiraz,Royal Safar,1979,893,1370261,1223643073,2366,947,52
1403-05-15,Bus,Isfahan,Shiraz,Ham-o-Safar,1934,777,1394957,1083881589,2190,824,45
1403-05-15,Train,Isfahan,Shiraz,RAJA,2113,740,1925465,1424844100,1897,784,43
1403-05-15,Train,Isfahan,Shiraz,Fadak,2375,831,1961465,1629977415,2100,881,48
1403-05-15,Train,Isfahan,Shiraz,Noor,2565,898,1997465,1793723570,2379,952,52
1403-05-15,Train,Isfahan,Shiraz,Bon Rail,2507,877,2033465,1783348805,2472,930,51
1403-05-15,Train,Isfahan,Shiraz,Joopar,2255,789,2069465,1632807885,2271,836,46
1403-06-15,Bus,Tehran,Mashhad,Seir-o-Safar,1832,1149,2253710,2589512790,2904,1218,67
1403-06-15,Bus,Tehran,Mashhad,Iran Peyma,1979,1257,2296190,2886310830,3331,1332,73
1403-06-15,Bus,Tehran,Mashhad,Royal Safar,1934,1247,2338670,2916321490,3514,1322,73
1403-06-15,Bus,Tehran,Mashhad,Ham-o-Safar,1740,1263,2381150,3007392450,3635,1339,74
1403-06-15,Train,Tehran,Mashhad,RAJA,2375,831,3151374,2618791794,2100,881,48
1403-06-15,Train,Tehran,Mashhad,Fadak,2565,898,3210774,2883275052,2379,952,52
1403-06-15,Train,Tehran,Mashhad,Noor,2507,877,3270174,2867942598,2472,930,51
1403-06-15,Train,Tehran,Mashhad,Bon Rail,2255,789,3329574,2627033886,2271,836,46
1403-06-15,Train,Tehran,Mashhad,Joopar,2041,714,3388974,2419727436,1981,757,42
1403-06-15,Train,Tehran,Mashhad,Rail Seir Kosar,2061,721,3448374,2486277654,1876,764,42
1403-06-15,Bus,Tehran,Shiraz,Seir-o-Safar,1832,1052,1890824,1989146848,2659,1115,61
1403-06-15,Bus,Tehran,Shiraz,Iran Peyma,1979,969,1926464,1866743616,2568,1027,56
1403-06-15,Bus,Tehran,Shiraz,Royal Safar,1934,1224,1962104,2401615296,3450,1297,71
1403-06-15,Bus,Tehran,Shiraz,Ham-o-Safar,1740,922,1997744,1841919968,2654,977,54
1403-06-15,Train,Tehran,Shiraz,RAJA,2375,831,2673893,2222005083,2100,881,48
1403-06-15,Train,Tehran,Shiraz,Fadak,2565,898,2724293,2446415114,2379,952,52
1403-06-15,Train,Tehran,Shiraz,Noor,2507,877,2774693,2433405761,2472,930,51
1403-06-15,Train,Tehran,Shiraz,Bon Rail,2255,789,2825093,2228998377,2271,836,46
1403-06-15,Train,Tehran,Shiraz,Joopar,2041,714,2875493,2053102002,1981,757,42
1403-06-15,Bus,Tehran,Isfahan,Seir-o-Safar,1832,842,1437218,1210137556,2128,893,49
1403-06-15,Bus,Tehran,Isfahan,Iran Peyma,1979,1099,1464308,1609274492,2912,1165,64
1403-06-15,Bus,Tehran,Isfahan,Royal Safar,1934,929,1491398,1385508742,2618,985,54
1403-06-15,Bus,Tehran,Isfahan,Ham-o-Safar,1740,1070,1518488,1624782160,3080,1134,62
1403-06-15,Train,Tehran,Isfahan,RAJA,2375,831,2077042,1726021902,2100,881,48
1403-06-15,Train,Tehran,Isfahan,Fadak,2565,898,2116192,1900340416,2379,952,52
1403-06-15,Train,Tehran,Isfahan,Noor,2507,877,2155342,1890234934,2472,930,51
1403-06-15,Train,Tehran,Isfahan,Bon Rail,2255,789,2194492,1731454188,2271,836,46
1403-06-15,Train,Tehran,Isfahan,Joopar,2041,714,2233642,1594820388,1981,757,42
1403-06-15,Bus,Tehran,Tabriz,Seir-o-Safar,1832,872,1800103,1569689816,2204,924,51
1403-06-15,Bus,Tehran,Tabriz,Iran Peyma,1979,914,1834033,1676306162,2422,969,53
1403-06-15,Bus,Tehran,Tabriz,Royal Safar,1934,1050,1867963,1961361150,2959,1113,61
1403-06-15,Bus,Tehran,Tabriz,Ham-o-Safar,1740,832,1901893,1582374976,2395,882,49
1403-06-15,Train,Tehran,Tabriz,RAJA,2375,831,2554523,2122808613,2100,881,48
1403-06-15,Train,Tehran,Tabriz,Fadak,2565,898,2602673,2337200354,2379,952,52
1403-06-15,Train,Tehran,Tabriz,Noor,2507,877,2650823,2324771771,2472,930,51
1403-06-15,Train,Tehran,Tabriz,Bon Rail,2255,789,2698973,2129489697,2271,836,46
1403-06-15,Train,Tehran,Tabriz,Joopar,2041,714,2747123,1961445822,1981,757,42
1403-06-15,Bus,Tehran,Rasht,Seir-o-Safar,1832,824,1219486,1004856464,2083,873,48
1403-06-15,Bus,Tehran,Rasht,Iran Peyma,1979,915,1242472,1136861880,2424,970,53
1403-06-15,Bus,Tehran,Rasht,Royal Safar,1934,894,1265458,1131319452,2520,948,52
1403-06-15,Bus,Tehran,Rasht,Ham-o-Safar,1740,917,1288444,1181503148,2639,972,53
1403-06-15,Train,Tehran,Rasht,RAJA,2375,831,1790553,1487949543,2100,881,48
1403-06-15,Train,Tehran,Rasht,Fadak,2565,898,1824303,1638224094,2379,952,52
1403-06-15,Train,Tehran,Rasht,Noor,2507,877,1858053,1629512481,2472,930,51
1403-06-15,Train,Tehran,Rasht,Bon Rail,2255,789,1891803,1492632567,2271,836,46
1403-06-15,Train,Tehran,Rasht,Joopar,2041,714,1925553,1374844842,1981,757,42
1403-06-15,Bus,Tehran,Ahvaz,Seir-o-Safar,1832,697,2108556,1469663532,1762,739,41
1403-06-15,Bus,Tehran,Ahvaz,Iran Peyma,1979,871,2148300,1871169300,2308,923,51
1403-06-15,Bus,Tehran,Ahvaz,Royal Safar,1934,845,2188044,1848897180,2381,896,49
1403-06-15,Bus,Tehran,Ahvaz,Ham-o-Safar,1740,785,2227788,1748813580,2259,832,46
1403-06-15,Train,Tehran,Ahvaz,RAJA,2375,831,2960382,2460077442,2100,881,48
1403-06-15,Train,Tehran,Ahvaz,Fadak,2565,898,3016182,2708531436,2379,952,52
1403-06-15,Train,Tehran,Ahvaz,Noor,2507,877,3071982,2694128214,2472,930,51
1403-06-15,Train,Tehran,Ahvaz,Bon Rail,2255,789,3127782,2467819998,2271,836,46
1403-06-15,Train,Tehran,Ahvaz,Joopar,2041,714,3183582,2273077548,1981,757,42
1403-06-15,Bus,Tehran,Kerman,Seir-o-Safar,1832,678,2435153,1651033734,1714,719,40
1403-06-15,Bus,Tehran,Kerman,Iran Peyma,1979,693,2481053,1719369729,1836,735,40
1403-06-15,Bus,Tehran,Kerman,Royal Safar,1934,749,2526953,1892687797,2111,794,44
1403-06-15,Bus,Tehran,Kerman,Ham-o-Safar,1740,648,2572853,1667208744,1865,687,38
1403-06-15,Train,Tehran,Kerman,RAJA,2375,831,3390114,2817184734,2100,881,48
1403-06-15,Train,Tehran,Kerman,Fadak,2565,898,3454014,3101704572,2379,952,52
1403-06-15,Train,Tehran,Kerman,Noor,2507,877,3517914,3085210578,2472,930,51
1403-06-15,Train,Tehran,Kerman,Bon Rail,2255,789,3581814,2826051246,2271,836,46
1403-06-15,Train,Tehran,Kerman,Joopar,2041,714,3645714,2603039796,1981,757,42
1403-06-15,Bus,Tehran,Qom,Seir-o-Safar,1832,898,947322,850695156,2270,952,52
1403-06-15,Bus,Tehran,Qom,Iran Peyma,1979,1251,965178,1207437678,3315,1326,73
1403-06-15,Bus,Tehran,Qom,Royal Safar,1934,1056,983034,1038083904,2976,1119,62
1403-06-15,Bus,Tehran,Qom,Ham-o-Safar,1740,1154,1000890,1155027060,3321,1223,67
1403-06-15,Train,Tehran,Qom,RAJA,2375,831,1432443,1190360133,2100,881,48
1403-06-15,Train,Tehran,Qom,Fadak,2565,898,1459443,1310579814,2379,952,52
1403-06-15,Train,Tehran,Qom,Noor,2507,877,1486443,1303610511,2472,930,51
1403-06-15,Train,Tehran,Qom,Bon Rail,2255,789,1513443,1194106527,2271,836,46
1403-06-15,Train,Tehran,Qom,Joopar,2041,714,1540443,1099876302,1981,757,42
1403-06-15,Bus,Mashhad,Isfahan,Seir-o-Safar,1832,652,2344431,1528569012,1648,691,38
1403-06-15,Bus,Mashhad,Isfahan,Iran Peyma,1979,693,2388621,1655314353,1836,735,40
1403-06-15,Bus,Mashhad,Isfahan,Royal Safar,1934,748,2432811,1819742628,2108,793,44
1403-06-15,Bus,Mashhad,Isfahan,Ham-o-Safar,1740,609,2477001,1508493609,1753,646,36
1403-06-15,Train,Mashhad,Isfahan,RAJA,2375,831,3270744,2717988264,2100,881,48
1403-06-15,Train,Mashhad,Isfahan,Fadak,2565,898,3332394,2992489812,2379,952,52
1403-06-15,Train,Mashhad,Isfahan,Noor,2507,877,3394044,2976576588,2472,930,51
1403-06-15,Train,Mashhad,Isfahan,Bon Rail,2255,789,3455694,2726542566,2271,836,46
1403-06-15,Train,Mashhad,Isfahan,Joopar,2041,714,3517344,2511383616,1981,757,42
1403-06-15,Bus,Mashhad,Shiraz,Seir-o-Safar,1832,641,2707317,1735390197,1620,679,37
1403-06-15,Bus,Mashhad,Shiraz,Iran Peyma,1979,693,2758347,1911534471,1836,735,40
1403-06-15,Bus,Mashhad,Shiraz,Royal Safar,1934,677,2809377,1901948229,1908,718,39
1403-06-15,Bus,Mashhad,Shiraz,Ham-o-Safar,1740,609,2860407,1741987863,1753,646,36
1403-06-15,Train,Mashhad,Shiraz,RAJA,2375,831,3748225,3114774975,2100,881,48
1403-06-15,Train,Mashhad,Shiraz,Fadak,2565,898,3818875,3429349750,2379,952,52
1403-06-15,Train,Mashhad,Shiraz,Noor,2507,877,3889525,3411113425,2472,930,51
1403-06-15,Train,Mashhad,Shiraz,Bon Rail,2255,789,3960175,3124578075,2271,836,46
1403-06-15,Train,Mashhad,Shiraz,Joopar,2041,714,4030825,2878009050,1981,757,42
1403-06-15,Bus,Mashhad,Ahvaz,Seir-o-Safar,1832,641,2798038,1793542358,1620,679,37
1403-06-15,Bus,Mashhad,Ahvaz,Iran Peyma,1979,693,2850778,1975589154,1836,735,40
1403-06-15,Bus,Mashhad,Ahvaz,Royal Safar,1934,677,2903518,1965681686,1908,718,39
1403-06-15,Bus,Mashhad,Ahvaz,Ham-o-Safar,1740,609,2956258,1800361122,1753,646,36
1403-06-15,Train,Mashhad,Ahvaz,RAJA,2375,831,3867595,3213971445,2100,881,48
1403-06-15,Train,Mashhad,Ahvaz,Fadak,2565,898,3940495,3538564510,2379,952,52
1403-06-15,Train,Mashhad,Ahvaz,Noor,2507,877,4013395,3519747415,2472,930,51
1403-06-15,Train,Mashhad,Ahvaz,Bon Rail,2255,789,4086295,3224086755,2271,836,46
1403-06-15,Train,Mashhad,Ahvaz,Joopar,2041,714,4159195,2969665230,1981,757,42
1403-06-15,Bus,Isfahan,Shiraz,Seir-o-Safar,1832,691,1310208,905353728,1746,732,40
1403-06-15,Bus,Isfahan,Shiraz,Iran Peyma,1979,816,1334904,1089281664,2162,865,48
1403-06-15,Bus,Isfahan,Shiraz,Royal Safar,1934,751,1359600,1021059600,2117,796,44
1403-06-15,Bus,Isfahan,Shiraz,Ham-o-Safar,1740,812,1384296,1124048352,2337,861,47
1403-06-15,Train,Isfahan,Shiraz,RAJA,2375,831,1909924,1587146844,2100,881,48
1403-06-15,Train,Isfahan,Shiraz,Fadak,2565,898,1945924,1747439752,2379,952,52
1403-06-15,Train,Isfahan,Shiraz,Noor,2507,877,1981924,1738147348,2472,930,51
1403-06-15,Train,Isfahan,Shiraz,Bon Rail,2255,789,2017924,1592142036,2271,836,46
1403-06-15,Train,Isfahan,Shiraz,Joopar,2041,714,2053924,1466501736,1981,757,42
1403-07-15,Bus,Tehran,Mashhad,Seir-o-Safar,1979,1265,2226726,2816808390,3352,1341,74
1403-07-15,Bus,Tehran,Mashhad,Iran Peyma,1934,1346,2269206,3054351276,3793,1427,78
1403-07-15,Bus,Tehran,Mashhad,Royal Safar,1740,1279,2311686,2956646394,3681,1356,75
1403-07-15,Bus,Tehran,Mashhad,Ham-o-Safar,1574,1122,2354166,2641374252,3113,1189,65
1403-07-15,Train,Tehran,Mashhad,RAJA,2565,898,3113642,2796050516,2379,952,52
1403-07-15,Train,Tehran,Mashhad,Fadak,2507,877,3173042,2782757834,2472,930,51
1403-07-15,Train,Tehran,Mashhad,Noor,2255,789,3232442,2550396738,2271,836,46
1403-07-15,Train,Tehran,Mashhad,Bon Rail,2041,714,3291842,2350375188,1981,757,42
1403-07-15,Train,Tehran,Mashhad,Joopar,2061,721,3351242,2416245482,1876,764,42
1403-07-15,Train,Tehran,Mashhad,Rail Seir Kosar,2297,804,3410642,2742156168,2026,852,47
1403-07-15,Bus,Tehran,Shiraz,Seir-o-Safar,1979,1027,1868185,1918625995,2721,1089,60
1403-07-15,Bus,Tehran,Shiraz,Iran Peyma,1934,1270,1903825,2417857750,3579,1346,74
1403-07-15,Bus,Tehran,Shiraz,Royal Safar,1740,961,1939465,1863825865,2766,1019,56
1403-07-15,Bus,Tehran,Shiraz,Ham-o-Safar,1574,1125,1975105,2221993125,3121,1193,66
1403-07-15,Train,Tehran,Shiraz,RAJA,2565,898,2641878,2372406444,2379,952,52
1403-07-15,Train,Tehran,Shiraz,Fadak,2507,877,2692278,2361127806,2472,930,51
1403-07-15,Train,Tehran,Shiraz,Noor,2255,789,2742678,2163972942,2271,836,46
1403-07-15,Train,Tehran,Shiraz,Bon Rail,2041,714,2793078,1994257692,1981,757,42
1403-07-15,Train,Tehran,Shiraz,Joopar,2061,721,2843478,2050147638,1876,764,42
1403-07-15,Bus,Tehran,Isfahan,Seir-o-Safar,1979,1118,1420010,1587571180,2962,1185,65
1403-07-15,Bus,Tehran,Isfahan,Iran Peyma,1934,990,1447100,1432629000,2790,1049,58
1403-07-15,Bus,Tehran,Isfahan,Royal Safar,1740,1107,1474190,1631928330,3186,1173,65
1403-07-15,Bus,Tehran,Isfahan,Ham-o-Safar,1574,848,1501280,1273085440,2353,899,49
1403-07-15,Train,Tehran,Isfahan,RAJA,2565,898,2052173,1842851354,2379,952,52
1403-07-15,Train,Tehran,Isfahan,Fadak,2507,877,2091323,1834090271,2472,930,51
1403-07-15,Train,Tehran,Isfahan,Noor,2255,789,2130473,1680943197,2271,836,46
1403-07-15,Train,Tehran,Isfahan,Bon Rail,2041,714,2169623,1549110822,1981,757,42
1403-07-15,Train,Tehran,Isfahan,Joopar,2061,721,2208773,1592525333,1876,764,42
1403-07-15,Bus,Tehran,Tabriz,Seir-o-Safar,1979,985,1778550,1751871750,2610,1044,57
1403-07-15,Bus,Tehran,Tabriz,Iran Peyma,1934,1066,1812480,1932103680,3004,1130,62
1403-07-15,Bus,Tehran,Tabriz,Royal Safar,1740,892,1846410,1646997720,2567,946,52
1403-07-15,Bus,Tehran,Tabriz,Ham-o-Safar,1574,980,1880340,1842733200,2719,1039,57
1403-07-15,Train,Tehran,Tabriz,RAJA,2565,898,2523937,2266495426,2379,952,52
1403-07-15,Train,Tehran,Tabriz,Fadak,2507,877,2572087,2255720299,2472,930,51
1403-07-15,Train,Tehran,Tabriz,Noor,2255,789,2620237,2067366993,2271,836,46
1403-07-15,Train,Tehran,Tabriz,Bon Rail,2041,714,2668387,1905228318,1981,757,42
1403-07-15,Train,Tehran,Tabriz,Joopar,2061,721,2716537,1958623177,1876,764,42
1403-07-15,Bus,Tehran,Rasht,Seir-o-Safar,1979,920,1204885,1108494200,2438,975,54
1403-07-15,Bus,Tehran,Rasht,Iran Peyma,1934,965,1227871,1184895515,2720,1023,56
1403-07-15,Bus,Tehran,Rasht,Royal Safar,1740,930,1250857,1163297010,2677,986,54
1403-07-15,Bus,Tehran,Rasht,Ham-o-Safar,1574,805,1273843,1025443615,2233,853,47
1403-07-15,Train,Tehran,Rasht,RAJA,2565,898,1769115,1588665270,2379,952,52
1403-07-15,Train,Tehran,Rasht,Fadak,2507,877,1802865,1581112605,2472,930,51
1403-07-15,Train,Tehran,Rasht,Noor,2255,789,1836615,1449089235,2271,836,46
1403-07-15,Train,Tehran,Rasht,Bon Rail,2041,714,1870365,1335440610,1981,757,42
1403-07-15,Train,Tehran,Rasht,Joopar,2061,721,1904115,1372866915,1876,764,42
1403-07-15,Bus,Tehran,Ahvaz,Seir-o-Safar,1979,933,2083310,1943728230,2472,989,54
1403-07-15,Bus,Tehran,Ahvaz,Iran Peyma,1934,853,2123054,1810965062,2404,904,50
1403-07-15,Bus,Tehran,Ahvaz,Royal Safar,1740,849,2162798,1836215502,2443,900,50
1403-07-15,Bus,Tehran,Ahvaz,Ham-o-Safar,1574,795,2202542,1751020890,2205,843,46
1403-07-15,Train,Tehran,Ahvaz,RAJA,2565,898,2924937,2626593426,2379,952,52
1403-07-15,Train,Tehran,Ahvaz,Fadak,2507,877,2980737,2614106349,2472,930,51
1403-07-15,Train,Tehran,Ahvaz,Noor,2255,789,3036537,2395827693,2271,836,46
1403-07-15,Train,Tehran,Ahvaz,Bon Rail,2041,714,3092337,2207928618,1981,757,42
1403-07-15,Train,Tehran,Ahvaz,Joopar,2061,721,3148137,2269806777,1876,764,42
1403-07-15,Bus,Tehran,Kerman,Seir-o-Safar,1979,693,2405996,1667355228,1836,735,40
1403-07-15,Bus,Tehran,Kerman,Iran Peyma,1934,802,2451896,1966420592,2260,850,47
1403-07-15,Bus,Tehran,Kerman,Royal Safar,1740,656,2497796,1638554176,1888,695,38
1403-07-15,Bus,Tehran,Kerman,Ham-o-Safar,1574,676,2543696,1719538496,1875,717,39
1403-07-15,Train,Tehran,Kerman,RAJA,2565,898,3349524,3007872552,2379,952,52
1403-07-15,Train,Tehran,Kerman,Fadak,2507,877,3413424,2993572848,2472,930,51
1403-07-15,Train,Tehran,Kerman,Noor,2255,789,3477324,2743608636,2271,836,46
1403-07-15,Train,Tehran,Kerman,Bon Rail,2041,714,3541224,2528433936,1981,757,42
1403-07-15,Train,Tehran,Kerman,Joopar,2061,721,3605124,2599294404,1876,764,42
1403-07-15,Bus,Tehran,Qom,Seir-o-Safar,1979,1313,935980,1228941740,3479,1392,77
1403-07-15,Bus,Tehran,Qom,Iran Peyma,1934,1082,953836,1032050552,3049,1147,63
1403-07-15,Bus,Tehran,Qom,Royal Safar,1740,1233,971692,1198096236,3549,1307,72
1403-07-15,Bus,Tehran,Qom,Ham-o-Safar,1574,988,989548,977673424,2741,1047,58
1403-07-15,Train,Tehran,Qom,RAJA,2565,898,1415292,1270932216,2379,952,52
1403-07-15,Train,Tehran,Qom,Fadak,2507,877,1442292,1264890084,2472,930,51
1403-07-15,Train,Tehran,Qom,Noor,2255,789,1469292,1159271388,2271,836,46
1403-07-15,Train,Tehran,Qom,Bon Rail,2041,714,1496292,1068352488,1981,757,42
1403-07-15,Train,Tehran,Qom,Joopar,2061,721,1523292,1098293532,1876,764,42
1403-07-15,Bus,Mashhad,Isfahan,Seir-o-Safar,1979,693,2316361,1605238173,1836,735,40
1403-07-15,Bus,Mashhad,Isfahan,Iran Peyma,1934,783,2360551,1848311433,2207,830,46
1403-07-15,Bus,Mashhad,Isfahan,Royal Safar,1740,609,2404741,1464487269,1753,646,36
1403-07-15,Bus,Mashhad,Isfahan,Ham-o-Safar,1574,683,2448931,1672619873,1895,724,40
1403-07-15,Train,Mashhad,Isfahan,RAJA,2565,898,3231583,2901961534,2379,952,52
1403-07-15,Train,Mashhad,Isfahan,Fadak,2507,877,3293233,2888165341,2472,930,51
1403-07-15,Train,Mashhad,Isfahan,Noor,2255,789,3354883,2647002687,2271,836,46
1403-07-15,Train,Mashhad,Isfahan,Bon Rail,2041,714,3416533,2439404562,1981,757,42
1403-07-15,Train,Mashhad,Isfahan,Joopar,2061,721,3478183,2507769943,1876,764,42
1403-07-15,Bus,Mashhad,Shiraz,Seir-o-Safar,1979,693,2674902,1853707086,1836,735,40
1403-07-15,Bus,Mashhad,Shiraz,Iran Peyma,1934,677,2725932,1845455964,1908,718,39
1403-07-15,Bus,Mashhad,Shiraz,Royal Safar,1740,617,2776962,1713385554,1776,654,36
1403-07-15,Bus,Mashhad,Shiraz,Ham-o-Safar,1574,551,2827992,1558223592,1529,584,32
1403-07-15,Train,Mashhad,Shiraz,RAJA,2565,898,3703347,3325605606,2379,952,52
1403-07-15,Train,Mashhad,Shiraz,Fadak,2507,877,3773997,3309795369,2472,930,51
1403-07-15,Train,Mashhad,Shiraz,Noor,2255,789,3844647,3033426483,2271,836,46
1403-07-15,Train,Mashhad,Shiraz,Bon Rail,2041,714,3915297,2795522058,1981,757,42
1403-07-15,Train,Mashhad,Shiraz,Joopar,2061,721,3985947,2873867787,1876,764,42
1403-07-15,Bus,Mashhad,Ahvaz,Seir-o-Safar,1979,693,2764537,1915824141,1836,735,40
1403-07-15,Bus,Mashhad,Ahvaz,Iran Peyma,1934,677,2817277,1907296529,1908,718,39
1403-07-15,Bus,Mashhad,Ahvaz,Royal Safar,1740,609,2870017,1747840353,1753,646,36
1403-07-15,Bus,Mashhad,Ahvaz,Ham-o-Safar,1574,551,2922757,1610439107,1529,584,32
1403-07-15,Train,Mashhad,Ahvaz,RAJA,2565,898,3821288,3431516624,2379,952,52
1403-07-15,Train,Mashhad,Ahvaz,Fadak,2507,877,3894188,3415202876,2472,930,51
1403-07-15,Train,Mashhad,Ahvaz,Noor,2255,789,3967088,3130032432,2271,836,46
1403-07-15,Train,Mashhad,Ahvaz,Bon Rail,2041,714,4039988,2884551432,1981,757,42
1403-07-15,Train,Mashhad,Ahvaz,Joopar,2061,721,4112888,2965392248,1876,764,42
1403-07-15,Bus,Isfahan,Shiraz,Seir-o-Safar,1979,822,1294520,1064095440,2178,871,48
1403-07-15,Bus,Isfahan,Shiraz,Iran Peyma,1934,809,1319216,1067245744,2280,858,47
1403-07-15,Bus,Isfahan,Shiraz,Royal Safar,1740,828,1343912,1112759136,2383,878,48
1403-07-15,Bus,Isfahan,Shiraz,Ham-o-Safar,1574,678,1368608,927916224,1881,719,40
1403-07-15,Train,Isfahan,Shiraz,RAJA,2565,898,1887056,1694576288,2379,952,52
1403-07-15,Train,Isfahan,Shiraz,Fadak,2507,877,1923056,1686520112,2472,930,51
1403-07-15,Train,Isfahan,Shiraz,Noor,2255,789,1959056,1545695184,2271,836,46
1403-07-15,Train,Isfahan,Shiraz,Bon Rail,2041,714,1995056,1424469984,1981,757,42
1403-07-15,Train,Isfahan,Shiraz,Joopar,2061,721,2031056,1464391376,1876,764,42
1403-08-15,Bus,Tehran,Mashhad,Seir-o-Safar,1934,1440,2197704,3164693760,4058,1526,84
1403-08-15,Bus,Tehran,Mashhad,Iran Peyma,1740,1282,2240184,2871915888,3690,1359,75
1403-08-15,Bus,Tehran,Mashhad,Royal Safar,1574,1205,2282664,2750610120,3343,1277,70
1403-08-15,Bus,Tehran,Mashhad,Ham-o-Safar,1590,1341,2325144,3118018104,3489,1421,78
1403-08-15,Train,Tehran,Mashhad,RAJA,2507,877,3073060,2695073620,2472,930,51
1403-08-15,Train,Tehran,Mashhad,Fadak,2255,789,3132460,2471510940,2271,836,46
1403-08-15,Train,Tehran,Mashhad,Noor,2041,714,3191860,2278988040,1981,757,42
1403-08-15,Train,Tehran,Mashhad,Bon Rail,2061,721,3251260,2344158460,1876,764,42
1403-08-15,Train,Tehran,Mashhad,Joopar,2297,804,3310660,2661770640,2026,852,47
1403-08-15,Train,Tehran,Mashhad,Rail Seir Kosar,2532,886,3370060,2985873160,2307,939,52
1403-08-15,Bus,Tehran,Shiraz,Seir-o-Safar,1934,1295,1843836,2387767620,3650,1373,76
1403-08-15,Bus,Tehran,Shiraz,Iran Peyma,1740,1005,1879476,1888873380,2892,1065,59
1403-08-15,Bus,Tehran,Shiraz,Royal Safar,1574,1169,1915116,2238770604,3243,1239,68
1403-08-15,Bus,Tehran,Shiraz,Ham-o-Safar,1590,986,1950756,1923445416,2566,1045,57
1403-08-15,Train,Tehran,Shiraz,RAJA,2507,877,2607445,2286729265,2472,930,51
1403-08-15,Train,Tehran,Shiraz,Fadak,2255,789,2657845,2097039705,2271,836,46
1403-08-15,Train,Tehran,Shiraz,Noor,2041,714,2708245,1933686930,1981,757,42
1403-08-15,Train,Tehran,Shiraz,Bon Rail,2061,721,2758645,1988983045,1876,764,42
1403-08-15,Train,Tehran,Shiraz,Joopar,2297,804,2809045,2258472180,2026,852,47
1403-08-15,Bus,Tehran,Isfahan,Seir-o-Safar,1934,1055,1401502,1478584610,2973,1118,61
1403-08-15,Bus,Tehran,Isfahan,Iran Peyma,1740,1126,1428592,1608594592,3241,1194,66
1403-08-15,Bus,Tehran,Isfahan,Royal Safar,1574,893,1455682,1299924026,2477,947,52
1403-08-15,Bus,Tehran,Isfahan,Ham-o-Safar,1590,1145,1482772,1697773940,2979,1214,67
1403-08-15,Train,Tehran,Isfahan,RAJA,2507,877,2025426,1776298602,2472,930,51
1403-08-15,Train,Tehran,Isfahan,Fadak,2255,789,2064576,1628950464,2271,836,46
1403-08-15,Train,Tehran,Isfahan,Noor,2041,714,2103726,1502060364,1981,757,42
1403-08-15,Train,Tehran,Isfahan,Bon Rail,2061,721,2142876,1545013596,1876,764,42
1403-08-15,Train,Tehran,Isfahan,Joopar,2297,804,2182026,1754348904,2026,852,47
1403-08-15,Bus,Tehran,Tabriz,Seir-o-Safar,1934,1068,1755369,1874734092,3010,1132,62
1403-08-15,Bus,Tehran,Tabriz,Iran Peyma,1740,954,1789299,1706991246,2746,1011,56
1403-08-15,Bus,Tehran,Tabriz,Royal Safar,1574,994,1823229,1812289626,2758,1054,58
1403-08-15,Bus,Tehran,Tabriz,Ham-o-Safar,1590,899,1857159,1669585941,2339,953,52
1403-08-15,Train,Tehran,Tabriz,RAJA,2507,877,2491041,2184642957,2472,930,51
1403-08-15,Train,Tehran,Tabriz,Fadak,2255,789,2539191,2003421699,2271,836,46
1403-08-15,Train,Tehran,Tabriz,Noor,2041,714,2587341,1847361474,1981,757,42
1403-08-15,Train,Tehran,Tabriz,Bon Rail,2061,721,2635491,1900189011,1876,764,42
1403-08-15,Train,Tehran,Tabriz,Joopar,2297,804,2683641,2157647364,2026,852,47
1403-08-15,Bus,Tehran,Rasht,Seir-o-Safar,1934,1033,1189181,1228423973,2911,1095,60
1403-08-15,Bus,Tehran,Rasht,Iran Peyma,1740,933,1212167,1130951811,2685,989,54
1403-08-15,Bus,Tehran,Rasht,Royal Safar,1574,864,1235153,1067172192,2397,916,50
1403-08-15,Bus,Tehran,Rasht,Ham-o-Safar,1590,975,1258139,1226685525,2537,1034,57
1403-08-15,Train,Tehran,Rasht,RAJA,2507,877,1746057,1531291989,2472,930,51
1403-08-15,Train,Tehran,Rasht,Fadak,2255,789,1779807,1404267723,2271,836,46
1403-08-15,Train,Tehran,Rasht,Noor,2041,714,1813557,1294879698,1981,757,42
1403-08-15,Train,Tehran,Rasht,Bon Rail,2061,721,1847307,1331908347,1876,764,42
1403-08-15,Train,Tehran,Rasht,Joopar,2297,804,1881057,1512369828,2026,852,47
1403-08-15,Bus,Tehran,Ahvaz,Seir-o-Safar,1934,856,2056157,1760070392,2412,907,50
1403-08-15,Bus,Tehran,Ahvaz,Iran Peyma,1740,908,2095901,1903078108,2613,962,53
1403-08-15,Bus,Tehran,Ahvaz,Royal Safar,1574,798,2135645,1704244710,2214,846,47
1403-08-15,Bus,Tehran,Ahvaz,Ham-o-Safar,1590,852,2175389,1853431428,2217,903,50
1403-08-15,Train,Tehran,Ahvaz,RAJA,2507,877,2886814,2531735878,2472,930,51
1403-08-15,Train,Tehran,Ahvaz,Fadak,2255,789,2942614,2321722446,2271,836,46
1403-08-15,Train,Tehran,Ahvaz,Noor,2041,714,2998414,2140867596,1981,757,42
1403-08-15,Train,Tehran,Ahvaz,Bon Rail,2061,721,3054214,2202088294,1876,764,42
1403-08-15,Train,Tehran,Ahvaz,Joopar,2297,804,3110014,2500451256,2026,852,47
1403-08-15,Bus,Tehran,Kerman,Seir-o-Safar,1934,845,2374638,2006569110,2381,896,49
1403-08-15,Bus,Tehran,Kerman,Iran Peyma,1740,661,2420538,1599975618,1902,701,39
1403-08-15,Bus,Tehran,Kerman,Royal Safar,1574,723,2466438,1783234674,2006,766,42
1403-08-15,Bus,Tehran,Kerman,Ham-o-Safar,1590,687,2512338,1725976206,1788,728,40
1403-08-15,Train,Tehran,Kerman,RAJA,2507,877,3305868,2899246236,2472,930,51
1403-08-15,Train,Tehran,Kerman,Fadak,2255,789,3369768,2658746952,2271,836,46
1403-08-15,Train,Tehran,Kerman,Noor,2041,714,3433668,2451638952,1981,757,42
1403-08-15,Train,Tehran,Kerman,Bon Rail,2061,721,3497568,2521746528,1876,764,42
1403-08-15,Train,Tehran,Kerman,Joopar,2297,804,3561468,2863420272,2026,852,47
1403-08-15,Bus,Tehran,Qom,Seir-o-Safar,1934,1112,923781,1027244472,3134,1179,65
1403-08-15,Bus,Tehran,Qom,Iran Peyma,1740,1296,941637,1220361552,3730,1374,76
1403-08-15,Bus,Tehran,Qom,Royal Safar,1574,1002,959493,961411986,2780,1062,58
1403-08-15,Bus,Tehran,Qom,Ham-o-Safar,1590,1249,977349,1220708901,3250,1324,73
1403-08-15,Train,Tehran,Qom,RAJA,2507,877,1396846,1225033942,2472,930,51
1403-08-15,Train,Tehran,Qom,Fadak,2255,789,1423846,1123414494,2271,836,46
1403-08-15,Train,Tehran,Qom,Noor,2041,714,1450846,1035904044,1981,757,42
1403-08-15,Train,Tehran,Qom,Bon Rail,2061,721,1477846,1065526966,1876,764,42
1403-08-15,Train,Tehran,Qom,Joopar,2297,804,1504846,1209896184,2026,852,47
1403-08-15,Bus,Mashhad,Isfahan,Seir-o-Safar,1934,805,2286171,1840367655,2269,853,47
1403-08-15,Bus,Mashhad,Isfahan,Iran Peyma,1740,611,2330361,1423850571,1759,648,36
1403-08-15,Bus,Mashhad,Isfahan,Royal Safar,1574,716,2374551,1700178516,1986,759,42
1403-08-15,Bus,Mashhad,Isfahan,Ham-o-Safar,1590,610,2418741,1475432010,1587,647,36
1403-08-15,Train,Mashhad,Isfahan,RAJA,2507,877,3189464,2797159928,2472,930,51
1403-08-15,Train,Mashhad,Isfahan,Fadak,2255,789,3251114,2565128946,2271,836,46
1403-08-15,Train,Mashhad,Isfahan,Noor,2041,714,3312764,2365313496,1981,757,42
1403-08-15,Train,Mashhad,Isfahan,Bon Rail,2061,721,3374414,2432952494,1876,764,42
1403-08-15,Train,Mashhad,Isfahan,Joopar,2297,804,3436064,2762595456,2026,852,47
1403-08-15,Bus,Mashhad,Shiraz,Seir-o-Safar,1934,677,2640038,1787305726,1908,718,39
1403-08-15,Bus,Mashhad,Shiraz,Iran Peyma,1740,632,2691068,1700754976,1819,670,37
1403-08-15,Bus,Mashhad,Shiraz,Royal Safar,1574,551,2742098,1510895998,1529,584,32
1403-08-15,Bus,Mashhad,Shiraz,Ham-o-Safar,1590,634,2793128,1770843152,1650,672,37
1403-08-15,Train,Mashhad,Shiraz,RAJA,2507,877,3655079,3205504283,2472,930,51
1403-08-15,Train,Mashhad,Shiraz,Fadak,2255,789,3725729,2939600181,2271,836,46
1403-08-15,Train,Mashhad,Shiraz,Noor,2041,714,3796379,2710614606,1981,757,42
1403-08-15,Train,Mashhad,Shiraz,Bon Rail,2061,721,3867029,2788127909,1876,764,42
1403-08-15,Train,Mashhad,Shiraz,Joopar,2297,804,3937679,3165893916,2026,852,47
1403-08-15,Bus,Mashhad,Ahvaz,Seir-o-Safar,1934,677,2728505,1847197885,1908,718,39
1403-08-15,Bus,Mashhad,Ahvaz,Iran Peyma,1740,609,2781245,1693778205,1753,646,36
1403-08-15,Bus,Mashhad,Ahvaz,Royal Safar,1574,551,2833985,1561525735,1529,584,32
1403-08-15,Bus,Mashhad,Ahvaz,Ham-o-Safar,1590,557,2886725,1607905825,1449,590,32
1403-08-15,Train,Mashhad,Ahvaz,RAJA,2507,877,3771483,3307590591,2472,930,51
1403-08-15,Train,Mashhad,Ahvaz,Fadak,2255,789,3844383,3033218187,2271,836,46
1403-08-15,Train,Mashhad,Ahvaz,Noor,2041,714,3917283,2796940062,1981,757,42
1403-08-15,Train,Mashhad,Ahvaz,Bon Rail,2061,721,3990183,2876921943,1876,764,42
1403-08-15,Train,Mashhad,Ahvaz,Joopar,2297,804,4063083,3266718732,2026,852,47
1403-08-15,Bus,Isfahan,Shiraz,Seir-o-Safar,1934,867,1277648,1107720816,2443,919,51
1403-08-15,Bus,Isfahan,Shiraz,Iran Peyma,1740,833,1302344,1084852552,2397,883,49
1403-08-15,Bus,Isfahan,Shiraz,Royal Safar,1574,725,1327040,962104000,2011,769,42
1403-08-15,Bus,Isfahan,Shiraz,Ham-o-Safar,1590,864,1351736,1167899904,2248,916,50
1403-08-15,Train,Isfahan,Shiraz,RAJA,2507,877,1862461,1633378297,2472,930,51
1403-08-15,Train,Isfahan,Shiraz,Fadak,2255,789,1898461,1497885729,2271,836,46
1403-08-15,Train,Isfahan,Shiraz,Noor,2041,714,1934461,1381205154,1981,757,42
1403-08-15,Train,Isfahan,Shiraz,Bon Rail,2061,721,1970461,1420702381,1876,764,42
1403-08-15,Train,Isfahan,Shiraz,Joopar,2297,804,2006461,1613194644,2026,852,47
1403-09-15,Bus,Tehran,Mashhad,Seir-o-Safar,1740,1078,2173749,2343301422,3103,1143,63
1403-09-15,Bus,Tehran,Mashhad,Iran Peyma,1574,1086,2216229,2406824694,3013,1151,63
1403-09-15,Bus,Tehran,Mashhad,Royal Safar,1590,1132,2258709,2556858588,2946,1200,66
1403-09-15,Bus,Tehran,Mashhad,Ham-o-Safar,1772,1252,2301189,2881088628,3155,1327,73
1403-09-15,Train,Tehran,Mashhad,RAJA,2255,789,3039564,2398215996,2271,836,46
1403-09-15,Train,Tehran,Mashhad,Fadak,2041,714,3098964,2212660296,1981,757,42
1403-09-15,Train,Tehran,Mashhad,Noor,2061,721,3158364,2277180444,1876,764,42
1403-09-15,Train,Tehran,Mashhad,Bon Rail,2297,804,3217764,2587082256,2026,852,47
1403-09-15,Train,Tehran,Mashhad,Joopar,2532,886,3277164,2903567304,2307,939,52
1403-09-15,Train,Tehran,Mashhad,Rail Seir Kosar,2550,893,3336564,2979551652,2479,947,52
1403-09-15,Bus,Tehran,Shiraz,Seir-o-Safar,1740,892,1823738,1626774296,2567,946,52
1403-09-15,Bus,Tehran,Shiraz,Iran Peyma,1574,1009,1859378,1876112402,2799,1070,59
1403-09-15,Bus,Tehran,Shiraz,Royal Safar,1590,862,1895018,1633505516,2243,914,50
1403-09-15,Bus,Tehran,Shiraz,Ham-o-Safar,1772,1243,1930658,2399807894,3132,1318,72
1403-09-15,Train,Tehran,Shiraz,RAJA,2255,789,2579024,2034849936,2271,836,46
1403-09-15,Train,Tehran,Shiraz,Fadak,2041,714,2629424,1877408736,1981,757,42
1403-09-15,Train,Tehran,Shiraz,Noor,2061,721,2679824,1932153104,1876,764,42
1403-09-15,Train,Tehran,Shiraz,Bon Rail,2297,804,2730224,2195100096,2026,852,47
1403-09-15,Train,Tehran,Shiraz,Joopar,2532,886,2780624,2463632864,2307,939,52
1403-09-15,Bus,Tehran,Isfahan,Seir-o-Safar,1740,954,1386225,1322458650,2746,1011,56
1403-09-15,Bus,Tehran,Isfahan,Iran Peyma,1574,797,1413315,1126412055,2211,845,46
1403-09-15,Bus,Tehran,Isfahan,Royal Safar,1590,986,1440405,1420239330,2566,1045,57
1403-09-15,Bus,Tehran,Isfahan,Ham-o-Safar,1772,939,1467495,1377977805,2366,995,55
1403-09-15,Train,Tehran,Isfahan,RAJA,2255,789,2003349,1580642361,2271,836,46
1403-09-15,Train,Tehran,Isfahan,Fadak,2041,714,2042499,1458344286,1981,757,42
1403-09-15,Train,Tehran,Isfahan,Noor,2061,721,2081649,1500868929,1876,764,42
1403-09-15,Train,Tehran,Isfahan,Bon Rail,2297,804,2120799,1705122396,2026,852,47
1403-09-15,Train,Tehran,Isfahan,Joopar,2532,886,2159949,1913714814,2307,939,52
1403-09-15,Bus,Tehran,Tabriz,Seir-o-Safar,1740,859,1736236,1491426724,2472,911,50
1403-09-15,Bus,Tehran,Tabriz,Iran Peyma,1574,841,1770166,1488709606,2333,891,49
1403-09-15,Bus,Tehran,Tabriz,Royal Safar,1590,807,1804096,1455905472,2100,855,47
1403-09-15,Bus,Tehran,Tabriz,Ham-o-Safar,1772,1073,1838026,1972201898,2704,1137,63
1403-09-15,Train,Tehran,Tabriz,RAJA,2255,789,2463889,1944008421,2271,836,46
1403-09-15,Train,Tehran,Tabriz,Fadak,2041,714,2512039,1793595846,1981,757,42
1403-09-15,Train,Tehran,Tabriz,Noor,2061,721,2560189,1845896269,1876,764,42
1403-09-15,Train,Tehran,Tabriz,Bon Rail,2297,804,2608339,2097104556,2026,852,47
1403-09-15,Train,Tehran,Tabriz,Joopar,2532,886,2656489,2353649254,2307,939,52
1403-09-15,Bus,Tehran,Rasht,Seir-o-Safar,1740,784,1176219,922155696,2256,831,46
1403-09-15,Bus,Tehran,Rasht,Iran Peyma,1574,779,1199205,934180695,2161,826,45
1403-09-15,Bus,Tehran,Rasht,Royal Safar,1590,824,1222191,1007085384,2144,873,48
1403-09-15,Bus,Tehran,Rasht,Ham-o-Safar,1772,898,1245177,1118168946,2263,952,52
1403-09-15,Train,Tehran,Rasht,RAJA,2255,789,1727025,1362622725,2271,836,46
1403-09-15,Train,Tehran,Rasht,Fadak,2041,714,1760775,1257193350,1981,757,42
1403-09-15,Train,Tehran,Rasht,Noor,2061,721,1794525,1293852525,1876,764,42
1403-09-15,Train,Tehran,Rasht,Bon Rail,2297,804,1828275,1469933100,2026,852,47
1403-09-15,Train,Tehran,Rasht,Joopar,2532,886,1862025,1649754150,2307,939,52
1403-09-15,Bus,Tehran,Ahvaz,Seir-o-Safar,1740,811,2033745,1649367195,2334,860,47
1403-09-15,Bus,Tehran,Ahvaz,Iran Peyma,1574,672,2073489,1393384608,1864,712,39
1403-09-15,Bus,Tehran,Ahvaz,Royal Safar,1590,769,2113233,1625076177,2001,815,45
1403-09-15,Bus,Tehran,Ahvaz,Ham-o-Safar,1772,867,2152977,1866631059,2185,919,51
1403-09-15,Train,Tehran,Ahvaz,RAJA,2255,789,2855348,2252869572,2271,836,46
1403-09-15,Train,Tehran,Ahvaz,Fadak,2041,714,2911148,2078559672,1981,757,42
1403-09-15,Train,Tehran,Ahvaz,Noor,2061,721,2966948,2139169508,1876,764,42
1403-09-15,Train,Tehran,Ahvaz,Bon Rail,2297,804,3022748,2430289392,2026,852,47
1403-09-15,Train,Tehran,Ahvaz,Joopar,2532,886,3078548,2727593528,2307,939,52
1403-09-15,Bus,Tehran,Kerman,Seir-o-Safar,1740,609,2348754,1430391186,1753,646,36
1403-09-15,Bus,Tehran,Kerman,Iran Peyma,1574,644,2394654,1542157176,1787,683,38
1403-09-15,Bus,Tehran,Kerman,Royal Safar,1590,581,2440554,1417961874,1512,616,34
1403-09-15,Bus,Tehran,Kerman,Ham-o-Safar,1772,754,2486454,1874786316,1900,799,44
1403-09-15,Train,Tehran,Kerman,RAJA,2255,789,3269834,2579899026,2271,836,46
1403-09-15,Train,Tehran,Kerman,Fadak,2041,714,3333734,2380286076,1981,757,42
1403-09-15,Train,Tehran,Kerman,Noor,2061,721,3397634,2449694114,1876,764,42
1403-09-15,Train,Tehran,Kerman,Bon Rail,2297,804,3461534,2783073336,2026,852,47
1403-09-15,Train,Tehran,Kerman,Joopar,2532,886,3525434,3123534524,2307,939,52
1403-09-15,Bus,Tehran,Qom,Seir-o-Safar,1740,1132,913711,1034320852,3258,1200,66
1403-09-15,Bus,Tehran,Qom,Iran Peyma,1574,860,931567,801147620,2386,912,50
1403-09-15,Bus,Tehran,Qom,Royal Safar,1590,1111,949423,1054808953,2891,1178,65
1403-09-15,Bus,Tehran,Qom,Ham-o-Safar,1772,1080,967279,1044661320,2722,1145,63
1403-09-15,Train,Tehran,Qom,RAJA,2255,789,1381620,1090098180,2271,836,46
1403-09-15,Train,Tehran,Qom,Fadak,2041,714,1408620,1005754680,1981,757,42
1403-09-15,Train,Tehran,Qom,Noor,2061,721,1435620,1035082020,1876,764,42
1403-09-15,Train,Tehran,Qom,Bon Rail,2297,804,1462620,1175946480,2026,852,47
1403-09-15,Train,Tehran,Qom,Joopar,2532,886,1489620,1319803320,2307,939,52
1403-09-15,Bus,Mashhad,Isfahan,Seir-o-Safar,1740,609,2261251,1377101859,1753,646,36
1403-09-15,Bus,Mashhad,Isfahan,Iran Peyma,1574,624,2305441,1438595184,1731,661,36
1403-09-15,Bus,Mashhad,Isfahan,Royal Safar,1590,557,2349631,1308744467,1449,590,32
1403-09-15,Bus,Mashhad,Isfahan,Ham-o-Safar,1772,757,2393821,1812122497,1908,802,44
1403-09-15,Train,Mashhad,Isfahan,RAJA,2255,789,3154699,2489057511,2271,836,46
1403-09-15,Train,Mashhad,Isfahan,Fadak,2041,714,3216349,2296473186,1981,757,42
1403-09-15,Train,Mashhad,Isfahan,Noor,2061,721,3277999,2363437279,1876,764,42
1403-09-15,Train,Mashhad,Isfahan,Bon Rail,2297,804,3339649,2685077796,2026,852,47
1403-09-15,Train,Mashhad,Isfahan,Joopar,2532,886,3401299,3013550914,2307,939,52
1403-09-15,Bus,Mashhad,Shiraz,Seir-o-Safar,1740,609,2611262,1590258558,1753,646,36
1403-09-15,Bus,Mashhad,Shiraz,Iran Peyma,1574,551,2662292,1466922892,1529,584,32
1403-09-15,Bus,Mashhad,Shiraz,Royal Safar,1590,557,2713322,1511320354,1449,590,32
1403-09-15,Bus,Mashhad,Shiraz,Ham-o-Safar,1772,620,2764352,1713898240,1562,657,36
1403-09-15,Train,Mashhad,Shiraz,RAJA,2255,789,3615239,2852423571,2271,836,46
1403-09-15,Train,Mashhad,Shiraz,Fadak,2041,714,3685889,2631724746,1981,757,42
1403-09-15,Train,Mashhad,Shiraz,Noor,2061,721,3756539,2708464619,1876,764,42
1403-09-15,Train,Mashhad,Shiraz,Bon Rail,2297,804,3827189,3077059956,2026,852,47
1403-09-15,Train,Mashhad,Shiraz,Joopar,2532,886,3897839,3453485354,2307,939,52
1403-09-15,Bus,Mashhad,Ahvaz,Seir-o-Safar,1740,609,2698764,1643547276,1753,646,36
1403-09-15,Bus,Mashhad,Ahvaz,Iran Peyma,1574,551,2751504,1516078704,1529,584,32
1403-09-15,Bus,Mashhad,Ahvaz,Royal Safar,1590,557,2804244,1561963908,1449,590,32
1403-09-15,Bus,Mashhad,Ahvaz,Ham-o-Safar,1772,620,2856984,1771330080,1562,657,36
1403-09-15,Train,Mashhad,Ahvaz,RAJA,2255,789,3730374,2943265086,2271,836,46
1403-09-15,Train,Mashhad,Ahvaz,Fadak,2041,714,3803274,2715537636,1981,757,42
1403-09-15,Train,Mashhad,Ahvaz,Noor,2061,721,3876174,2794721454,1876,764,42
1403-09-15,Train,Mashhad,Ahvaz,Bon Rail,2297,804,3949074,3175055496,2026,852,47
1403-09-15,Train,Mashhad,Ahvaz,Joopar,2532,886,4021974,3563468964,2307,939,52
1403-09-15,Bus,Isfahan,Shiraz,Seir-o-Safar,1740,700,1263722,884605400,2015,742,41
1403-09-15,Bus,Isfahan,Shiraz,Iran Peyma,1574,653,1288418,841336954,1812,692,38
1403-09-15,Bus,Isfahan,Shiraz,Royal Safar,1590,734,1313114,963825676,1910,778,43
1403-09-15,Bus,Isfahan,Shiraz,Ham-o-Safar,1772,755,1337810,1010046550,1903,800,44
1403-09-15,Train,Isfahan,Shiraz,RAJA,2255,789,1842160,1453464240,2271,836,46
1403-09-15,Train,Isfahan,Shiraz,Fadak,2041,714,1878160,1341006240,1981,757,42
1403-09-15,Train,Isfahan,Shiraz,Noor,2061,721,1914160,1380109360,1876,764,42
1403-09-15,Train,Isfahan,Shiraz,Bon Rail,2297,804,1950160,1567928640,2026,852,47
1403-09-15,Train,Isfahan,Shiraz,Joopar,2532,886,1986160,1759737760,2307,939,52
1403-10-15,Bus,Tehran,Mashhad,Seir-o-Safar,1574,1052,2160726,2273083752,2918,1115,61
1403-10-15,Bus,Tehran,Mashhad,Iran Peyma,1590,1029,2203206,2267098974,2678,1091,60
1403-10-15,Bus,Tehran,Mashhad,Royal Safar,1772,1221,2245686,2741982606,3077,1294,71
1403-10-15,Bus,Tehran,Mashhad,Ham-o-Safar,1953,1448,2288166,3313264368,3770,1535,84
1403-10-15,Train,Tehran,Mashhad,RAJA,2041,714,3021354,2157246756,1981,757,42
1403-10-15,Train,Tehran,Mashhad,Fadak,2061,721,3080754,2221223634,1876,764,42
1403-10-15,Train,Tehran,Mashhad,Noor,2297,804,3140154,2524683816,2026,852,47
1403-10-15,Train,Tehran,Mashhad,Bon Rail,2532,886,3199554,2834804844,2307,939,52
1403-10-15,Train,Tehran,Mashhad,Joopar,2550,893,3258954,2910245922,2479,947,52
1403-10-15,Train,Tehran,Mashhad,Rail Seir Kosar,2334,817,3318354,2711095218,2352,866,48
1403-10-15,Bus,Tehran,Shiraz,Seir-o-Safar,1574,930,1812812,1685915160,2580,986,54
1403-10-15,Bus,Tehran,Shiraz,Iran Peyma,1590,821,1848452,1517579092,2136,870,48
1403-10-15,Bus,Tehran,Shiraz,Royal Safar,1772,1167,1884092,2198735364,2941,1237,68
1403-10-15,Bus,Tehran,Shiraz,Ham-o-Safar,1953,1076,1919732,2065631632,2801,1141,63
1403-10-15,Train,Tehran,Shiraz,RAJA,2041,714,2563573,1830391122,1981,757,42
1403-10-15,Train,Tehran,Shiraz,Fadak,2061,721,2613973,1884674533,1876,764,42
1403-10-15,Train,Tehran,Shiraz,Noor,2297,804,2664373,2142155892,2026,852,47
1403-10-15,Train,Tehran,Shiraz,Bon Rail,2532,886,2714773,2405288878,2307,939,52
1403-10-15,Train,Tehran,Shiraz,Joopar,2550,893,2765173,2469299489,2479,947,52
1403-10-15,Bus,Tehran,Isfahan,Seir-o-Safar,1574,772,1377920,1063754240,2142,818,45
1403-10-15,Bus,Tehran,Isfahan,Iran Peyma,1590,907,1405010,1274344070,2360,961,53
1403-10-15,Bus,Tehran,Isfahan,Royal Safar,1772,901,1432100,1290322100,2271,955,53
1403-10-15,Bus,Tehran,Isfahan,Ham-o-Safar,1953,1246,1459190,1818150740,3244,1321,73
1403-10-15,Train,Tehran,Isfahan,RAJA,2041,714,1991347,1421821758,1981,757,42
1403-10-15,Train,Tehran,Isfahan,Fadak,2061,721,2030497,1463988337,1876,764,42
1403-10-15,Train,Tehran,Isfahan,Noor,2297,804,2069647,1663996188,2026,852,47
1403-10-15,Train,Tehran,Isfahan,Bon Rail,2532,886,2108797,1868394142,2307,939,52
1403-10-15,Train,Tehran,Isfahan,Joopar,2550,893,2147947,1918116671,2479,947,52
1403-10-15,Bus,Tehran,Tabriz,Seir-o-Safar,1574,764,1725834,1318537176,2119,810,45
1403-10-15,Bus,Tehran,Tabriz,Iran Peyma,1590,784,1759764,1379654976,2040,831,46
1403-10-15,Bus,Tehran,Tabriz,Royal Safar,1772,986,1793694,1768582284,2485,1045,57
1403-10-15,Bus,Tehran,Tabriz,Ham-o-Safar,1953,991,1827624,1811175384,2580,1050,58
1403-10-15,Train,Tehran,Tabriz,RAJA,2041,714,2449128,1748677392,1981,757,42
1403-10-15,Train,Tehran,Tabriz,Fadak,2061,721,2497278,1800537438,1876,764,42
1403-10-15,Train,Tehran,Tabriz,Noor,2297,804,2545428,2046524112,2026,852,47
1403-10-15,Train,Tehran,Tabriz,Bon Rail,2532,886,2593578,2297910108,2307,939,52
1403-10-15,Train,Tehran,Tabriz,Joopar,2550,893,2641728,2359063104,2479,947,52
1403-10-15,Bus,Tehran,Rasht,Seir-o-Safar,1574,755,1169172,882724860,2095,800,44
1403-10-15,Bus,Tehran,Rasht,Iran Peyma,1590,749,1192158,892926342,1949,794,44
1403-10-15,Bus,Tehran,Rasht,Royal Safar,1772,875,1215144,1063251000,2205,928,51
1403-10-15,Bus,Tehran,Rasht,Ham-o-Safar,1953,1053,1238130,1303750890,2741,1116,61
1403-10-15,Train,Tehran,Rasht,RAJA,2041,714,1716678,1225708092,1981,757,42
1403-10-15,Train,Tehran,Rasht,Fadak,2061,721,1750428,1262058588,1876,764,42
1403-10-15,Train,Tehran,Rasht,Noor,2297,804,1784178,1434479112,2026,852,47
1403-10-15,Train,Tehran,Rasht,Bon Rail,2532,886,1817928,1610684208,2307,939,52
1403-10-15,Train,Tehran,Rasht,Joopar,2550,893,1851678,1653548454,2479,947,52
1403-10-15,Bus,Tehran,Ahvaz,Seir-o-Safar,1574,613,2021560,1239216280,1701,650,36
1403-10-15,Bus,Tehran,Ahvaz,Iran Peyma,1590,745,2061304,1535671480,1939,790,43
1403-10-15,Bus,Tehran,Ahvaz,Royal Safar,1772,789,2101048,1657726872,1988,836,46
1403-10-15,Bus,Tehran,Ahvaz,Ham-o-Safar,1953,941,2140792,2014485272,2450,997,55
1403-10-15,Train,Tehran,Ahvaz,RAJA,2041,714,2838241,2026504074,1981,757,42
1403-10-15,Train,Tehran,Ahvaz,Fadak,2061,721,2894041,2086603561,1876,764,42
1403-10-15,Train,Tehran,Ahvaz,Noor,2297,804,2949841,2371672164,2026,852,47
1403-10-15,Train,Tehran,Ahvaz,Bon Rail,2532,886,3005641,2662997926,2307,939,52
1403-10-15,Train,Tehran,Ahvaz,Joopar,2550,893,3061441,2733866813,2479,947,52
1403-10-15,Bus,Tehran,Kerman,Seir-o-Safar,1574,614,2334682,1433494748,1703,651,36
1403-10-15,Bus,Tehran,Kerman,Iran Peyma,1590,557,2380582,1325984174,1449,590,32
1403-10-15,Bus,Tehran,Kerman,Royal Safar,1772,730,2426482,1771331860,1840,774,43
1403-10-15,Bus,Tehran,Kerman,Ham-o-Safar,1953,742,2472382,1834507444,1932,787,43
1403-10-15,Train,Tehran,Kerman,RAJA,2041,714,3250244,2320674216,1981,757,42
1403-10-15,Train,Tehran,Kerman,Fadak,2061,721,3314144,2389497824,1876,764,42
1403-10-15,Train,Tehran,Kerman,Noor,2297,804,3378044,2715947376,2026,852,47
1403-10-15,Train,Tehran,Kerman,Bon Rail,2532,886,3441944,3049562384,2307,939,52
1403-10-15,Train,Tehran,Kerman,Joopar,2550,893,3505844,3130718692,2479,947,52
1403-10-15,Bus,Tehran,Qom,Seir-o-Safar,1574,804,908237,730222548,2230,852,47
1403-10-15,Bus,Tehran,Qom,Iran Peyma,1590,1055,926093,977028115,2745,1118,61
1403-10-15,Bus,Tehran,Qom,Royal Safar,1772,996,943949,940173204,2510,1056,58
1403-10-15,Bus,Tehran,Qom,Ham-o-Safar,1953,1374,961805,1321520070,3577,1456,80
1403-10-15,Train,Tehran,Qom,RAJA,2041,714,1373343,980566902,1981,757,42
1403-10-15,Train,Tehran,Qom,Fadak,2061,721,1400343,1009647303,1876,764,42
1403-10-15,Train,Tehran,Qom,Noor,2297,804,1427343,1147583772,2026,852,47
1403-10-15,Train,Tehran,Qom,Bon Rail,2532,886,1454343,1288547898,2307,939,52
1403-10-15,Train,Tehran,Qom,Joopar,2550,893,1481343,1322839299,2479,947,52
1403-10-15,Bus,Mashhad,Isfahan,Seir-o-Safar,1574,580,2247704,1303668320,1609,615,34
1403-10-15,Bus,Mashhad,Isfahan,Iran Peyma,1590,557,2291894,1276584958,1449,590,32
1403-10-15,Bus,Mashhad,Isfahan,Royal Safar,1772,717,2336084,1674972228,1807,760,42
1403-10-15,Bus,Mashhad,Isfahan,Ham-o-Safar,1953,684,2380274,1628107416,1781,725,40
1403-10-15,Train,Mashhad,Isfahan,RAJA,2041,714,3135799,2238960486,1981,757,42
1403-10-15,Train,Mashhad,Isfahan,Fadak,2061,721,3197449,2305360729,1876,764,42
1403-10-15,Train,Mashhad,Isfahan,Noor,2297,804,3259099,2620315596,2026,852,47
1403-10-15,Train,Mashhad,Isfahan,Bon Rail,2532,886,3320749,2942183614,2307,939,52
1403-10-15,Train,Mashhad,Isfahan,Joopar,2550,893,3382399,3020482307,2479,947,52
1403-10-15,Bus,Mashhad,Shiraz,Seir-o-Safar,1574,551,2595618,1430185518,1529,584,32
1403-10-15,Bus,Mashhad,Shiraz,Iran Peyma,1590,557,2646648,1474182936,1449,590,32
1403-10-15,Bus,Mashhad,Shiraz,Royal Safar,1772,620,2697678,1672560360,1562,657,36
1403-10-15,Bus,Mashhad,Shiraz,Ham-o-Safar,1953,692,2748708,1902105936,1802,734,40
1403-10-15,Train,Mashhad,Shiraz,RAJA,2041,714,3593580,2565816120,1981,757,42
1403-10-15,Train,Mashhad,Shiraz,Fadak,2061,721,3664230,2641909830,1876,764,42
1403-10-15,Train,Mashhad,Shiraz,Noor,2297,804,3734880,3002843520,2026,852,47
1403-10-15,Train,Mashhad,Shiraz,Bon Rail,2532,886,3805530,3371699580,2307,939,52
1403-10-15,Train,Mashhad,Shiraz,Joopar,2550,893,3876180,3461428740,2479,947,52
1403-10-15,Bus,Mashhad,Ahvaz,Seir-o-Safar,1574,551,2682596,1478110396,1529,584,32
1403-10-15,Bus,Mashhad,Ahvaz,Iran Peyma,1590,557,2735336,1523582152,1449,590,32
1403-10-15,Bus,Mashhad,Ahvaz,Royal Safar,1772,620,2788076,1728607120,1562,657,36
1403-10-15,Bus,Mashhad,Ahvaz,Ham-o-Safar,1953,684,2840816,1943118144,1781,725,40
1403-10-15,Train,Mashhad,Ahvaz,RAJA,2041,714,3708025,2647529850,1981,757,42
1403-10-15,Train,Mashhad,Ahvaz,Fadak,2061,721,3780925,2726046925,1876,764,42
1403-10-15,Train,Mashhad,Ahvaz,Noor,2297,804,3853825,3098475300,2026,852,47
1403-10-15,Train,Mashhad,Ahvaz,Bon Rail,2532,886,3926725,3479078350,2307,939,52
1403-10-15,Train,Mashhad,Ahvaz,Joopar,2550,893,3999625,3571665125,2479,947,52
1403-10-15,Bus,Isfahan,Shiraz,Seir-o-Safar,1574,635,1256151,797655885,1762,673,37
1403-10-15,Bus,Isfahan,Shiraz,Iran Peyma,1590,669,1280847,856886643,1741,709,39
1403-10-15,Bus,Isfahan,Shiraz,Royal Safar,1772,734,1305543,958268562,1850,778,43
1403-10-15,Bus,Isfahan,Shiraz,Ham-o-Safar,1953,935,1330239,1243773465,2434,991,55
1403-10-15,Train,Isfahan,Shiraz,RAJA,2041,714,1831123,1307421822,1981,757,42
1403-10-15,Train,Isfahan,Shiraz,Fadak,2061,721,1867123,1346195683,1876,764,42
1403-10-15,Train,Isfahan,Shiraz,Noor,2297,804,1903123,1530110892,2026,852,47
1403-10-15,Train,Isfahan,Shiraz,Bon Rail,2532,886,1939123,1718062978,2307,939,52
1403-10-15,Train,Isfahan,Shiraz,Joopar,2550,893,1975123,1763784839,2479,947,52
1403-11-15,Bus,Tehran,Mashhad,Seir-o-Safar,1590,994,2161823,2148852062,2586,1054,58
1403-11-15,Bus,Tehran,Mashhad,Iran Peyma,1772,1262,2204303,2781830386,3180,1338,74
1403-11-15,Bus,Tehran,Mashhad,Royal Safar,1953,1403,2246783,3152236549,3653,1487,82
1403-11-15,Bus,Tehran,Mashhad,Ham-o-Safar,1967,1435,2289263,3285092405,3983,1521,84
1403-11-15,Train,Tehran,Mashhad,RAJA,2061,721,3022889,2179502969,1876,764,42
1403-11-15,Train,Tehran,Mashhad,Fadak,2297,804,3082289,2478160356,2026,852,47
1403-11-15,Train,Tehran,Mashhad,Noor,2532,886,3141689,2783536454,2307,939,52
1403-11-15,Train,Tehran,Mashhad,Bon Rail,2550,893,3201089,2858572477,2479,947,52
1403-11-15,Train,Tehran,Mashhad,Joopar,2334,817,3260489,2663819513,2352,866,48
1403-11-15,Train,Tehran,Mashhad,Rail Seir Kosar,2083,729,3319889,2420199081,2054,773,43
1403-11-15,Bus,Tehran,Shiraz,Seir-o-Safar,1590,839,1813733,1521721987,2183,889,49
1403-11-15,Bus,Tehran,Shiraz,Iran Peyma,1772,1153,1849373,2132327069,2906,1222,67
1403-11-15,Bus,Tehran,Shiraz,Royal Safar,1953,1084,1885013,2043354092,2822,1149,63
1403-11-15,Bus,Tehran,Shiraz,Ham-o-Safar,1967,1408,1920653,2704279424,3908,1492,82
1403-11-15,Train,Tehran,Shiraz,RAJA,2061,721,2564875,1849274875,1876,764,42
1403-11-15,Train,Tehran,Shiraz,Fadak,2297,804,2615275,2102681100,2026,852,47
1403-11-15,Train,Tehran,Shiraz,Noor,2532,886,2665675,2361788050,2307,939,52
1403-11-15,Train,Tehran,Shiraz,Bon Rail,2550,893,2716075,2425454975,2479,947,52
1403-11-15,Train,Tehran,Shiraz,Joopar,2334,817,2766475,2260210075,2352,866,48
1403-11-15,Bus,Tehran,Isfahan,Seir-o-Safar,1590,880,1378620,1213185600,2290,933,51
1403-11-15,Bus,Tehran,Isfahan,Iran Peyma,1772,925,1405710,1300281750,2331,981,54
1403-11-15,Bus,Tehran,Isfahan,Royal Safar,1953,1227,1432800,1758045600,3194,1301,72
1403-11-15,Bus,Tehran,Isfahan,Ham-o-Safar,1967,1069,1459890,1560622410,2967,1133,62
1403-11-15,Train,Tehran,Isfahan,RAJA,2061,721,1992358,1436490118,1876,764,42
1403-11-15,Train,Tehran,Isfahan,Fadak,2297,804,2031508,1633332432,2026,852,47
1403-11-15,Train,Tehran,Isfahan,Noor,2532,886,2070658,1834602988,2307,939,52
1403-11-15,Train,Tehran,Isfahan,Bon Rail,2550,893,2109808,1884058544,2479,947,52
1403-11-15,Train,Tehran,Isfahan,Joopar,2334,817,2148958,1755698686,2352,866,48
1403-11-15,Bus,Tehran,Tabriz,Seir-o-Safar,1590,810,1726711,1398635910,2108,859,47
1403-11-15,Bus,Tehran,Tabriz,Iran Peyma,1772,956,1760641,1683172796,2409,1013,56
1403-11-15,Bus,Tehran,Tabriz,Royal Safar,1953,1022,1794571,1834051562,2661,1083,60
1403-11-15,Bus,Tehran,Tabriz,Ham-o-Safar,1967,1206,1828501,2205172206,3347,1278,70
1403-11-15,Train,Tehran,Tabriz,RAJA,2061,721,2450372,1766718212,1876,764,42
1403-11-15,Train,Tehran,Tabriz,Fadak,2297,804,2498522,2008811688,2026,852,47
1403-11-15,Train,Tehran,Tabriz,Noor,2532,886,2546672,2256351392,2307,939,52
1403-11-15,Train,Tehran,Tabriz,Bon Rail,2550,893,2594822,2317176046,2479,947,52
1403-11-15,Train,Tehran,Tabriz,Joopar,2334,817,2642972,2159308124,2352,866,48
1403-11-15,Bus,Tehran,Rasht,Seir-o-Safar,1590,723,1169766,845740818,1881,766,42
1403-11-15,Bus,Tehran,Rasht,Iran Peyma,1772,905,1192752,1079440560,2281,959,53
1403-11-15,Bus,Tehran,Rasht,Royal Safar,1953,1021,1215738,1241268498,2658,1082,60
1403-11-15,Bus,Tehran,Rasht,Ham-o-Safar,1967,1029,1238724,1274646996,2856,1091,60
1403-11-15,Train,Tehran,Rasht,RAJA,2061,721,1717550,1238353550,1876,764,42
1403-11-15,Train,Tehran,Rasht,Fadak,2297,804,1751300,1408045200,2026,852,47
1403-11-15,Train,Tehran,Rasht,Noor,2532,886,1785050,1581554300,2307,939,52
1403-11-15,Train,Tehran,Rasht,Bon Rail,2550,893,1818800,1624188400,2479,947,52
1403-11-15,Train,Tehran,Rasht,Joopar,2334,817,1852550,1513533350,2352,866,48
1403-11-15,Bus,Tehran,Ahvaz,Seir-o-Safar,1590,762,2022587,1541211294,1983,808,44
1403-11-15,Bus,Tehran,Ahvaz,Iran Peyma,1772,764,2062331,1575620884,1925,810,45
1403-11-15,Bus,Tehran,Ahvaz,Royal Safar,1953,974,2102075,2047421050,2536,1032,57
1403-11-15,Bus,Tehran,Ahvaz,Ham-o-Safar,1967,971,2141819,2079706249,2695,1029,57
1403-11-15,Train,Tehran,Ahvaz,RAJA,2061,721,2839683,2047411443,1876,764,42
1403-11-15,Train,Tehran,Ahvaz,Fadak,2297,804,2895483,2327968332,2026,852,47
1403-11-15,Train,Tehran,Ahvaz,Noor,2532,886,2951283,2614836738,2307,939,52
1403-11-15,Train,Tehran,Ahvaz,Bon Rail,2550,893,3007083,2685325119,2479,947,52
1403-11-15,Train,Tehran,Ahvaz,Joopar,2334,817,3062883,2502375411,2352,866,48
1403-11-15,Bus,Tehran,Kerman,Seir-o-Safar,1590,557,2335869,1301079033,1449,590,32
1403-11-15,Bus,Tehran,Kerman,Iran Peyma,1772,745,2381769,1774417905,1877,790,43
1403-11-15,Bus,Tehran,Kerman,Royal Safar,1953,721,2427669,1750349349,1877,764,42
1403-11-15,Bus,Tehran,Kerman,Ham-o-Safar,1967,862,2473569,2132216478,2393,914,50
1403-11-15,Train,Tehran,Kerman,RAJA,2061,721,3251895,2344616295,1876,764,42
1403-11-15,Train,Tehran,Kerman,Fadak,2297,804,3315795,2665899180,2026,852,47
1403-11-15,Train,Tehran,Kerman,Noor,2532,886,3379695,2994409770,2307,939,52
1403-11-15,Train,Tehran,Kerman,Bon Rail,2550,893,3443595,3075130335,2479,947,52
1403-11-15,Train,Tehran,Kerman,Joopar,2334,817,3507495,2865623415,2352,866,48
1403-11-15,Bus,Tehran,Qom,Seir-o-Safar,1590,1055,908699,958677445,2745,1118,61
1403-11-15,Bus,Tehran,Qom,Iran Peyma,1772,985,926555,912656675,2482,1044,57
1403-11-15,Bus,Tehran,Qom,Royal Safar,1953,1398,944411,1320286578,3640,1482,82
1403-11-15,Bus,Tehran,Qom,Ham-o-Safar,1967,1213,962267,1167229871,3367,1286,71
1403-11-15,Train,Tehran,Qom,RAJA,2061,721,1374040,990682840,1876,764,42
1403-11-15,Train,Tehran,Qom,Fadak,2297,804,1401040,1126436160,2026,852,47
1403-11-15,Train,Tehran,Qom,Noor,2532,886,1428040,1265243440,2307,939,52
1403-11-15,Train,Tehran,Qom,Bon Rail,2550,893,1455040,1299350720,2479,947,52
1403-11-15,Train,Tehran,Qom,Joopar,2334,817,1482040,1210826680,2352,866,48
1403-11-15,Bus,Mashhad,Isfahan,Seir-o-Safar,1590,557,2248846,1252607222,1449,590,32
1403-11-15,Bus,Mashhad,Isfahan,Iran Peyma,1772,715,2293036,1639520740,1802,758,42
1403-11-15,Bus,Mashhad,Isfahan,Royal Safar,1953,684,2337226,1598662584,1781,725,40
1403-11-15,Bus,Mashhad,Isfahan,Ham-o-Safar,1967,860,2381416,2048017760,2387,912,50
1403-11-15,Train,Mashhad,Isfahan,RAJA,2061,721,3137392,2262059632,1876,764,42
1403-11-15,Train,Mashhad,Isfahan,Fadak,2297,804,3199042,2572029768,2026,852,47
1403-11-15,Train,Mashhad,Isfahan,Noor,2532,886,3260692,2888973112,2307,939,52
1403-11-15,Train,Mashhad,Isfahan,Bon Rail,2550,893,3322342,2966851406,2479,947,52
1403-11-15,Train,Mashhad,Isfahan,Joopar,2334,817,3383992,2764721464,2352,866,48
1403-11-15,Bus,Mashhad,Shiraz,Seir-o-Safar,1590,557,2596936,1446493352,1449,590,32
1403-11-15,Bus,Mashhad,Shiraz,Iran Peyma,1772,620,2647966,1641738920,1562,657,36
1403-11-15,Bus,Mashhad,Shiraz,Royal Safar,1953,688,2698996,1856909248,1791,729,40
1403-11-15,Bus,Mashhad,Shiraz,Ham-o-Safar,1967,688,2750026,1892017888,1910,729,40
1403-11-15,Train,Mashhad,Shiraz,RAJA,2061,721,3595406,2592287726,1876,764,42
1403-11-15,Train,Mashhad,Shiraz,Fadak,2297,804,3666056,2947509024,2026,852,47
1403-11-15,Train,Mashhad,Shiraz,Noor,2532,886,3736706,3310721516,2307,939,52
1403-11-15,Train,Mashhad,Shiraz,Bon Rail,2550,893,3807356,3399968908,2479,947,52
1403-11-15,Train,Mashhad,Shiraz,Joopar,2334,817,3878006,3168330902,2352,866,48
1403-11-15,Bus,Mashhad,Ahvaz,Seir-o-Safar,1590,557,2683959,1494965163,1449,590,32
1403-11-15,Bus,Mashhad,Ahvaz,Iran Peyma,1772,620,2736699,1696753380,1562,657,36
1403-11-15,Bus,Mashhad,Ahvaz,Royal Safar,1953,684,2789439,1907976276,1781,725,40
1403-11-15,Bus,Mashhad,Ahvaz,Ham-o-Safar,1967,688,2842179,1955419152,1910,729,40
1403-11-15,Train,Mashhad,Ahvaz,RAJA,2061,721,3709909,2674844389,1876,764,42
1403-11-15,Train,Mashhad,Ahvaz,Fadak,2297,804,3782809,3041378436,2026,852,47
1403-11-15,Train,Mashhad,Ahvaz,Noor,2532,886,3855709,3416158174,2307,939,52
1403-11-15,Train,Mashhad,Ahvaz,Bon Rail,2550,893,3928609,3508247837,2479,947,52
1403-11-15,Train,Mashhad,Ahvaz,Joopar,2334,817,4001509,3269232853,2352,866,48
1403-11-15,Bus,Isfahan,Shiraz,Seir-o-Safar,1590,645,1256789,810628905,1678,684,38
1403-11-15,Bus,Isfahan,Shiraz,Iran Peyma,1772,759,1281485,972647115,1913,805,44
1403-11-15,Bus,Isfahan,Shiraz,Royal Safar,1953,910,1306181,1188624710,2369,965,53
1403-11-15,Bus,Isfahan,Shiraz,Ham-o-Safar,1967,864,1330877,1149877728,2398,916,50
1403-11-15,Train,Isfahan,Shiraz,RAJA,2061,721,1832054,1320910934,1876,764,42
1403-11-15,Train,Isfahan,Shiraz,Fadak,2297,804,1868054,1501915416,2026,852,47
1403-11-15,Train,Isfahan,Shiraz,Noor,2532,886,1904054,1686991844,2307,939,52
1403-11-15,Train,Isfahan,Shiraz,Bon Rail,2550,893,1940054,1732468222,2479,947,52
1403-11-15,Train,Isfahan,Shiraz,Joopar,2334,817,1976054,1614436118,2352,866,48
1403-12-15,Bus,Tehran,Mashhad,Seir-o-Safar,1772,1470,2176773,3199856310,3704,1558,86
1403-12-15,Bus,Tehran,Mashhad,Iran Peyma,1953,1535,2219253,3406553355,3996,1627,89
1403-12-15,Bus,Tehran,Mashhad,Royal Safar,1967,1685,2261733,3811020105,4677,1786,98
1403-12-15,Bus,Tehran,Mashhad,Ham-o-Safar,1801,1623,2304213,3739737699,4671,1720,95
1403-12-15,Train,Tehran,Mashhad,RAJA,2297,804,3043793,2447209572,2026,852,47
1403-12-15,Train,Tehran,Mashhad,Fadak,2532,886,3103193,2749428998,2307,939,52
1403-12-15,Train,Tehran,Mashhad,Noor,2550,893,3162593,2824195549,2479,947,52
1403-12-15,Train,Tehran,Mashhad,Bon Rail,2334,817,3221993,2632368281,2352,866,48
1403-12-15,Train,Tehran,Mashhad,Joopar,2083,729,3281393,2392135497,2054,773,43
1403-12-15,Train,Tehran,Mashhad,Rail Seir Kosar,2028,724,3340793,2418734132,1917,767,42
1403-12-15,Bus,Tehran,Shiraz,Seir-o-Safar,1772,1277,1826276,2332154452,3218,1354,74
1403-12-15,Bus,Tehran,Shiraz,Iran Peyma,1953,1248,1861916,2323671168,3249,1323,73
1403-12-15,Bus,Tehran,Shiraz,Royal Safar,1967,1587,1897556,3011421372,4405,1682,93
1403-12-15,Bus,Tehran,Shiraz,Ham-o-Safar,1801,1220,1933196,2358499120,3512,1293,71
1403-12-15,Train,Tehran,Shiraz,RAJA,2297,804,2582612,2076420048,2026,852,47
1403-12-15,Train,Tehran,Shiraz,Fadak,2532,886,2633012,2332848632,2307,939,52
1403-12-15,Train,Tehran,Shiraz,Noor,2550,893,2683412,2396286916,2479,947,52
1403-12-15,Train,Tehran,Shiraz,Bon Rail,2334,817,2733812,2233524404,2352,866,48
1403-12-15,Train,Tehran,Shiraz,Joopar,2083,729,2784212,2029690548,2054,773,43
1403-12-15,Bus,Tehran,Isfahan,Seir-o-Safar,1772,1081,1388154,1500594474,2724,1146,63
1403-12-15,Bus,Tehran,Isfahan,Iran Peyma,1953,1357,1415244,1920486108,3533,1438,79
1403-12-15,Bus,Tehran,Isfahan,Royal Safar,1967,1239,1442334,1787051826,3439,1313,72
1403-12-15,Bus,Tehran,Isfahan,Ham-o-Safar,1801,1405,1469424,2064540720,4044,1489,82
1403-12-15,Train,Tehran,Isfahan,RAJA,2297,804,2006136,1612933344,2026,852,47
1403-12-15,Train,Tehran,Isfahan,Fadak,2532,886,2045286,1812123396,2307,939,52
1403-12-15,Train,Tehran,Isfahan,Noor,2550,893,2084436,1861401348,2479,947,52
1403-12-15,Train,Tehran,Isfahan,Bon Rail,2334,817,2123586,1734969762,2352,866,48
1403-12-15,Train,Tehran,Isfahan,Joopar,2083,729,2162736,1576634544,2054,773,43
1403-12-15,Bus,Tehran,Tabriz,Seir-o-Safar,1772,1044,1738651,1815151644,2631,1107,61
1403-12-15,Bus,Tehran,Tabriz,Iran Peyma,1953,1198,1772581,2123552038,3119,1270,70
1403-12-15,Bus,Tehran,Tabriz,Royal Safar,1967,1331,1806511,2404466141,3694,1411,78
1403-12-15,Bus,Tehran,Tabriz,Ham-o-Safar,1801,1134,1840441,2087060094,3264,1202,66
1403-12-15,Train,Tehran,Tabriz,RAJA,2297,804,2467317,1983722868,2026,852,47
1403-12-15,Train,Tehran,Tabriz,Fadak,2532,886,2515467,2228703762,2307,939,52
1403-12-15,Train,Tehran,Tabriz,Noor,2550,893,2563617,2289309981,2479,947,52
1403-12-15,Train,Tehran,Tabriz,Bon Rail,2334,817,2611767,2133813639,2352,866,48
1403-12-15,Train,Tehran,Tabriz,Joopar,2083,729,2659917,1939079493,2054,773,43
1403-12-15,Bus,Tehran,Rasht,Seir-o-Safar,1772,1056,1177856,1243815936,2661,1119,62
1403-12-15,Bus,Tehran,Rasht,Iran Peyma,1953,1117,1200842,1341340514,2908,1184,65
1403-12-15,Bus,Tehran,Rasht,Royal Safar,1967,1208,1223828,1478384224,3353,1280,70
1403-12-15,Bus,Tehran,Rasht,Ham-o-Safar,1801,1181,1246814,1472487334,3399,1252,69
1403-12-15,Train,Tehran,Rasht,RAJA,2297,804,1729428,1390460112,2026,852,47
1403-12-15,Train,Tehran,Rasht,Fadak,2532,886,1763178,1562175708,2307,939,52
1403-12-15,Train,Tehran,Rasht,Noor,2550,893,1796928,1604656704,2479,947,52
1403-12-15,Train,Tehran,Rasht,Bon Rail,2334,817,1830678,1495663926,2352,866,48
1403-12-15,Train,Tehran,Rasht,Joopar,2083,729,1864428,1359168012,2054,773,43
1403-12-15,Bus,Tehran,Ahvaz,Seir-o-Safar,1772,842,2036574,1714795308,2122,893,49
1403-12-15,Bus,Tehran,Ahvaz,Iran Peyma,1953,1135,2076318,2356620930,2955,1203,66
1403-12-15,Bus,Tehran,Ahvaz,Royal Safar,1967,1065,2116062,2253606030,2956,1129,62
1403-12-15,Bus,Tehran,Ahvaz,Ham-o-Safar,1801,1079,2155806,2326114674,3106,1144,63
1403-12-15,Train,Tehran,Ahvaz,RAJA,2297,804,2859321,2298894084,2026,852,47
1403-12-15,Train,Tehran,Ahvaz,Fadak,2532,886,2915121,2582797206,2307,939,52
1403-12-15,Train,Tehran,Ahvaz,Noor,2550,893,2970921,2653032453,2479,947,52
1403-12-15,Train,Tehran,Ahvaz,Bon Rail,2334,817,3026721,2472831057,2352,866,48
1403-12-15,Train,Tehran,Ahvaz,Joopar,2083,729,3082521,2247157809,2054,773,43
1403-12-15,Bus,Tehran,Kerman,Seir-o-Safar,1772,852,2352022,2003922744,2147,903,50
1403-12-15,Bus,Tehran,Kerman,Iran Peyma,1953,799,2397922,1915939678,2080,847,47
1403-12-15,Bus,Tehran,Kerman,Royal Safar,1967,1003,2443822,2451153466,2784,1063,58
1403-12-15,Bus,Tehran,Kerman,Ham-o-Safar,1801,832,2489722,2071448704,2395,882,49
1403-12-15,Train,Tehran,Kerman,RAJA,2297,804,3274383,2632603932,2026,852,47
1403-12-15,Train,Tehran,Kerman,Fadak,2532,886,3338283,2957718738,2307,939,52
1403-12-15,Train,Tehran,Kerman,Noor,2550,893,3402183,3038149419,2479,947,52
1403-12-15,Train,Tehran,Kerman,Bon Rail,2334,817,3466083,2831789811,2352,866,48
1403-12-15,Train,Tehran,Kerman,Joopar,2083,729,3529983,2573357607,2054,773,43
1403-12-15,Bus,Tehran,Qom,Seir-o-Safar,1772,1115,914983,1020206045,2810,1182,65
1403-12-15,Bus,Tehran,Qom,Iran Peyma,1953,1596,932839,1488811044,4155,1692,93
1403-12-15,Bus,Tehran,Qom,Royal Safar,1967,1352,950695,1285339640,3753,1433,79
1403-12-15,Bus,Tehran,Qom,Ham-o-Safar,1801,1567,968551,1517719417,4510,1661,91
1403-12-15,Train,Tehran,Qom,RAJA,2297,804,1383542,1112367768,2026,852,47
1403-12-15,Train,Tehran,Qom,Fadak,2532,886,1410542,1249740212,2307,939,52
1403-12-15,Train,Tehran,Qom,Noor,2550,893,1437542,1283725006,2479,947,52
1403-12-15,Train,Tehran,Qom,Bon Rail,2334,817,1464542,1196530814,2352,866,48
1403-12-15,Train,Tehran,Qom,Joopar,2083,729,1491542,1087334118,2054,773,43
1403-12-15,Bus,Mashhad,Isfahan,Seir-o-Safar,1772,798,2264397,1806988806,2011,846,47
1403-12-15,Bus,Mashhad,Isfahan,Iran Peyma,1953,753,2308587,1738366011,1960,798,44
1403-12-15,Bus,Mashhad,Isfahan,Royal Safar,1967,979,2352777,2303368683,2717,1038,57
1403-12-15,Bus,Mashhad,Isfahan,Ham-o-Safar,1801,749,2396967,1795328283,2156,794,44
1403-12-15,Train,Mashhad,Isfahan,RAJA,2297,804,3159088,2539906752,2026,852,47
1403-12-15,Train,Mashhad,Isfahan,Fadak,2532,886,3220738,2853573868,2307,939,52
1403-12-15,Train,Mashhad,Isfahan,Noor,2550,893,3282388,2931172484,2479,947,52
1403-12-15,Train,Mashhad,Isfahan,Bon Rail,2334,817,3344038,2732079046,2352,866,48
1403-12-15,Train,Mashhad,Isfahan,Joopar,2083,729,3405688,2482746552,2054,773,43
1403-12-15,Bus,Mashhad,Shiraz,Seir-o-Safar,1772,620,2614895,1621234900,1562,657,36
1403-12-15,Bus,Mashhad,Shiraz,Iran Peyma,1953,766,2665925,2042098550,1994,812,45
1403-12-15,Bus,Mashhad,Shiraz,Royal Safar,1967,688,2716955,1869265040,1910,729,40
1403-12-15,Bus,Mashhad,Shiraz,Ham-o-Safar,1801,783,2767985,2167332255,2254,830,46
1403-12-15,Train,Mashhad,Shiraz,RAJA,2297,804,3620269,2910696276,2026,852,47
1403-12-15,Train,Mashhad,Shiraz,Fadak,2532,886,3690919,3270154234,2307,939,52
1403-12-15,Train,Mashhad,Shiraz,Noor,2550,893,3761569,3359081117,2479,947,52
1403-12-15,Train,Mashhad,Shiraz,Bon Rail,2334,817,3832219,3130922923,2352,866,48
1403-12-15,Train,Mashhad,Shiraz,Joopar,2083,729,3902869,2845191501,2054,773,43
1403-12-15,Bus,Mashhad,Ahvaz,Seir-o-Safar,1772,620,2702519,1675561780,1562,657,36
1403-12-15,Bus,Mashhad,Ahvaz,Iran Peyma,1953,684,2755259,1884597156,1781,725,40
1403-12-15,Bus,Mashhad,Ahvaz,Royal Safar,1967,695,2807999,1951559305,1929,737,41
1403-12-15,Bus,Mashhad,Ahvaz,Ham-o-Safar,1801,630,2860739,1802265570,1813,668,37
1403-12-15,Train,Mashhad,Ahvaz,RAJA,2297,804,3735564,3003393456,2026,852,47
1403-12-15,Train,Mashhad,Ahvaz,Fadak,2532,886,3808464,3374299104,2307,939,52
1403-12-15,Train,Mashhad,Ahvaz,Noor,2550,893,3881364,3466058052,2479,947,52
1403-12-15,Train,Mashhad,Ahvaz,Bon Rail,2334,817,3954264,3230633688,2352,866,48
1403-12-15,Train,Mashhad,Ahvaz,Joopar,2083,729,4027164,2935802556,2054,773,43
1403-12-15,Bus,Isfahan,Shiraz,Seir-o-Safar,1772,888,1265480,1123746240,2238,941,52
1403-12-15,Bus,Isfahan,Shiraz,Iran Peyma,1953,998,1290176,1287595648,2598,1058,58
1403-12-15,Bus,Isfahan,Shiraz,Royal Safar,1967,1013,1314872,1331965336,2812,1074,59
1403-12-15,Bus,Isfahan,Shiraz,Ham-o-Safar,1801,1050,1339568,1406546400,3022,1113,61
1403-12-15,Train,Isfahan,Shiraz,RAJA,2297,804,1844723,1483157292,2026,852,47
1403-12-15,Train,Isfahan,Shiraz,Fadak,2532,886,1880723,1666320578,2307,939,52
1403-12-15,Train,Isfahan,Shiraz,Noor,2550,893,1916723,1711633639,2479,947,52
1403-12-15,Train,Isfahan,Shiraz,Bon Rail,2334,817,1952723,1595374691,2352,866,48
1403-12-15,Train,Isfahan,Shiraz,Joopar,2083,729,1988723,1449779067,2054,773,43
1404-01-15,Bus,Tehran,Mashhad,Seir-o-Safar,1953,1353,2201914,2979189642,3522,1434,79
1404-01-15,Bus,Tehran,Mashhad,Iran Peyma,1967,1586,2244394,3559608884,4402,1681,92
1404-01-15,Bus,Tehran,Mashhad,Royal Safar,1801,1431,2286874,3272516694,4119,1517,83
1404-01-15,Bus,Tehran,Mashhad,Ham-o-Safar,1607,1329,2329354,3095711466,3744,1409,77
1404-01-15,Train,Tehran,Mashhad,RAJA,2532,886,3078948,2727947928,2307,939,52
1404-01-15,Train,Tehran,Mashhad,Fadak,2550,893,3138348,2802544764,2479,947,52
1404-01-15,Train,Tehran,Mashhad,Noor,2334,817,3197748,2612560116,2352,866,48
1404-01-15,Train,Tehran,Mashhad,Bon Rail,2083,729,3257148,2374460892,2054,773,43
1404-01-15,Train,Tehran,Mashhad,Joopar,2028,710,3316548,2354749080,1880,753,41
1404-01-15,Train,Tehran,Mashhad,Rail Seir Kosar,2219,777,3375948,2623111596,1963,824,45
1404-01-15,Bus,Tehran,Shiraz,Seir-o-Safar,1953,1165,1847369,2152184885,3033,1235,68
1404-01-15,Bus,Tehran,Shiraz,Iran Peyma,1967,1424,1883009,2681404816,3952,1509,83
1404-01-15,Bus,Tehran,Shiraz,Royal Safar,1801,1124,1918649,2156561476,3235,1191,66
1404-01-15,Bus,Tehran,Shiraz,Ham-o-Safar,1607,1287,1954289,2515169943,3626,1364,75
1404-01-15,Train,Tehran,Shiraz,RAJA,2532,886,2612441,2314622726,2307,939,52
1404-01-15,Train,Tehran,Shiraz,Fadak,2550,893,2662841,2377917013,2479,947,52
1404-01-15,Train,Tehran,Shiraz,Noor,2334,817,2713241,2216717897,2352,866,48
1404-01-15,Train,Tehran,Shiraz,Bon Rail,2083,729,2763641,2014694289,2054,773,43
1404-01-15,Train,Tehran,Shiraz,Joopar,2028,710,2814041,1997969110,1880,753,41
1404-01-15,Bus,Tehran,Isfahan,Seir-o-Safar,1953,1197,1404187,1680811839,3116,1269,70
1404-01-15,Bus,Tehran,Isfahan,Iran Peyma,1967,1163,1431277,1664575151,3228,1233,68
1404-01-15,Bus,Tehran,Isfahan,Royal Safar,1801,1258,1458367,1834625686,3621,1333,73
1404-01-15,Bus,Tehran,Isfahan,Ham-o-Safar,1607,984,1485457,1461689688,2772,1043,57
1404-01-15,Train,Tehran,Isfahan,RAJA,2532,886,2029307,1797966002,2307,939,52
1404-01-15,Train,Tehran,Isfahan,Fadak,2550,893,2068457,1847132101,2479,947,52
1404-01-15,Train,Tehran,Isfahan,Noor,2334,817,2107607,1721914919,2352,866,48
1404-01-15,Train,Tehran,Isfahan,Bon Rail,2083,729,2146757,1564985853,2054,773,43
1404-01-15,Train,Tehran,Isfahan,Joopar,2028,710,2185907,1551993970,1880,753,41
1404-01-15,Bus,Tehran,Tabriz,Seir-o-Safar,1953,1128,1758733,1983850824,2937,1196,66
1404-01-15,Bus,Tehran,Tabriz,Iran Peyma,1967,1174,1792663,2104586362,3259,1244,68
1404-01-15,Bus,Tehran,Tabriz,Royal Safar,1801,1068,1826593,1950801324,3074,1132,62
1404-01-15,Bus,Tehran,Tabriz,Ham-o-Safar,1607,1094,1860523,2035412162,3082,1160,64
1404-01-15,Train,Tehran,Tabriz,RAJA,2532,886,2495814,2211291204,2307,939,52
1404-01-15,Train,Tehran,Tabriz,Fadak,2550,893,2543964,2271759852,2479,947,52
1404-01-15,Train,Tehran,Tabriz,Noor,2334,817,2592114,2117757138,2352,866,48
1404-01-15,Train,Tehran,Tabriz,Bon Rail,2083,729,2640264,1924752456,2054,773,43
1404-01-15,Train,Tehran,Tabriz,Joopar,2028,710,2688414,1908773940,1880,753,41
1404-01-15,Bus,Tehran,Rasht,Seir-o-Safar,1953,983,1191460,1171205180,2559,1042,57
1404-01-15,Bus,Tehran,Rasht,Iran Peyma,1967,1138,1214446,1382039548,3159,1206,66
1404-01-15,Bus,Tehran,Rasht,Royal Safar,1801,1042,1237432,1289404144,2999,1105,61
1404-01-15,Bus,Tehran,Rasht,Ham-o-Safar,1607,953,1260418,1201178354,2685,1010,56
1404-01-15,Train,Tehran,Rasht,RAJA,2532,886,1749402,1549970172,2307,939,52
1404-01-15,Train,Tehran,Rasht,Fadak,2550,893,1783152,1592354736,2479,947,52
1404-01-15,Train,Tehran,Rasht,Noor,2334,817,1816902,1484408934,2352,866,48
1404-01-15,Train,Tehran,Rasht,Bon Rail,2083,729,1850652,1349125308,2054,773,43
1404-01-15,Train,Tehran,Rasht,Joopar,2028,710,1884402,1337925420,1880,753,41
1404-01-15,Bus,Tehran,Ahvaz,Seir-o-Safar,1953,1055,2060096,2173401280,2747,1118,61
1404-01-15,Bus,Tehran,Ahvaz,Iran Peyma,1967,941,2099840,1975949440,2612,997,55
1404-01-15,Bus,Tehran,Ahvaz,Royal Safar,1801,1017,2139584,2175956928,2927,1078,59
1404-01-15,Bus,Tehran,Ahvaz,Ham-o-Safar,1607,878,2179328,1913449984,2473,931,51
1404-01-15,Train,Tehran,Ahvaz,RAJA,2532,886,2892345,2562617670,2307,939,52
1404-01-15,Train,Tehran,Ahvaz,Fadak,2550,893,2948145,2632693485,2479,947,52
1404-01-15,Train,Tehran,Ahvaz,Noor,2334,817,3003945,2454223065,2352,866,48
1404-01-15,Train,Tehran,Ahvaz,Bon Rail,2083,729,3059745,2230554105,2054,773,43
1404-01-15,Train,Tehran,Ahvaz,Joopar,2028,710,3115545,2212036950,1880,753,41
1404-01-15,Bus,Tehran,Kerman,Seir-o-Safar,1953,718,2379187,1708256266,1869,761,42
1404-01-15,Bus,Tehran,Kerman,Iran Peyma,1967,930,2425087,2255330910,2581,986,54
1404-01-15,Bus,Tehran,Kerman,Royal Safar,1801,739,2470987,1826059393,2127,783,43
1404-01-15,Bus,Tehran,Kerman,Ham-o-Safar,1607,797,2516887,2005958939,2245,845,46
1404-01-15,Train,Tehran,Kerman,RAJA,2532,886,3312202,2934610972,2307,939,52
1404-01-15,Train,Tehran,Kerman,Fadak,2550,893,3376102,3014859086,2479,947,52
1404-01-15,Train,Tehran,Kerman,Noor,2334,817,3440002,2810481634,2352,866,48
1404-01-15,Train,Tehran,Kerman,Bon Rail,2083,729,3503902,2554344558,2054,773,43
1404-01-15,Train,Tehran,Kerman,Joopar,2028,710,3567802,2533139420,1880,753,41
1404-01-15,Bus,Tehran,Qom,Seir-o-Safar,1953,1448,925550,1340196400,3770,1535,84
1404-01-15,Bus,Tehran,Qom,Iran Peyma,1967,1224,943406,1154728944,3397,1297,71
1404-01-15,Bus,Tehran,Qom,Royal Safar,1801,1450,961262,1393829900,4174,1537,85
1404-01-15,Bus,Tehran,Qom,Ham-o-Safar,1607,1102,979118,1078988036,3104,1168,64
1404-01-15,Train,Tehran,Qom,RAJA,2532,886,1399522,1239976492,2307,939,52
1404-01-15,Train,Tehran,Qom,Fadak,2550,893,1426522,1273884146,2479,947,52
1404-01-15,Train,Tehran,Qom,Noor,2334,817,1453522,1187527474,2352,866,48
1404-01-15,Train,Tehran,Qom,Bon Rail,2083,729,1480522,1079300538,2054,773,43
1404-01-15,Train,Tehran,Qom,Joopar,2028,710,1507522,1070340620,1880,753,41
1404-01-15,Bus,Mashhad,Isfahan,Seir-o-Safar,1953,697,2290551,1596514047,1815,739,41
1404-01-15,Bus,Mashhad,Isfahan,Iran Peyma,1967,886,2334741,2068580526,2459,939,52
1404-01-15,Bus,Mashhad,Isfahan,Royal Safar,1801,683,2378931,1624809873,1966,724,40
1404-01-15,Bus,Mashhad,Isfahan,Ham-o-Safar,1607,789,2423121,1911842469,2223,836,46
1404-01-15,Train,Mashhad,Isfahan,RAJA,2532,886,3195575,2831279450,2307,939,52
1404-01-15,Train,Mashhad,Isfahan,Fadak,2550,893,3257225,2908701925,2479,947,52
1404-01-15,Train,Mashhad,Isfahan,Noor,2334,817,3318875,2711520875,2352,866,48
1404-01-15,Train,Mashhad,Isfahan,Bon Rail,2083,729,3380525,2464402725,2054,773,43
1404-01-15,Train,Mashhad,Isfahan,Joopar,2028,710,3442175,2443944250,1880,753,41
1404-01-15,Bus,Mashhad,Shiraz,Seir-o-Safar,1953,684,2645096,1809245664,1781,725,40
1404-01-15,Bus,Mashhad,Shiraz,Iran Peyma,1967,688,2696126,1854934688,1910,729,40
1404-01-15,Bus,Mashhad,Shiraz,Royal Safar,1801,707,2747156,1942239292,2035,749,41
1404-01-15,Bus,Mashhad,Shiraz,Ham-o-Safar,1607,562,2798186,1572580532,1583,596,33
1404-01-15,Train,Mashhad,Shiraz,RAJA,2532,886,3662082,3244604652,2307,939,52
1404-01-15,Train,Mashhad,Shiraz,Fadak,2550,893,3732732,3333329676,2479,947,52
1404-01-15,Train,Mashhad,Shiraz,Noor,2334,817,3803382,3107363094,2352,866,48
1404-01-15,Train,Mashhad,Shiraz,Bon Rail,2083,729,3874032,2824169328,2054,773,43
1404-01-15,Train,Mashhad,Shiraz,Joopar,2028,710,3944682,2800724220,1880,753,41
1404-01-15,Bus,Mashhad,Ahvaz,Seir-o-Safar,1953,684,2733733,1869873372,1781,725,40
1404-01-15,Bus,Mashhad,Ahvaz,Iran Peyma,1967,688,2786473,1917093424,1910,729,40
1404-01-15,Bus,Mashhad,Ahvaz,Royal Safar,1801,630,2839213,1788704190,1813,668,37
1404-01-15,Bus,Mashhad,Ahvaz,Ham-o-Safar,1607,569,2891953,1645521257,1603,603,33
1404-01-15,Train,Mashhad,Ahvaz,RAJA,2532,886,3778709,3347936174,2307,939,52
1404-01-15,Train,Mashhad,Ahvaz,Fadak,2550,893,3851609,3439486837,2479,947,52
1404-01-15,Train,Mashhad,Ahvaz,Noor,2334,817,3924509,3206323853,2352,866,48
1404-01-15,Train,Mashhad,Ahvaz,Bon Rail,2083,729,3997409,2914111161,2054,773,43
1404-01-15,Train,Mashhad,Ahvaz,Joopar,2028,710,4070309,2889919390,1880,753,41
1404-01-15,Bus,Isfahan,Shiraz,Seir-o-Safar,1953,877,1280096,1122644192,2283,930,51
1404-01-15,Bus,Isfahan,Shiraz,Iran Peyma,1967,955,1304792,1246076360,2651,1012,56
1404-01-15,Bus,Isfahan,Shiraz,Royal Safar,1801,930,1329488,1236423840,2677,986,54
1404-01-15,Bus,Isfahan,Shiraz,Ham-o-Safar,1607,799,1354184,1081993016,2251,847,47
1404-01-15,Train,Isfahan,Shiraz,RAJA,2532,886,1866029,1653301694,2307,939,52
1404-01-15,Train,Isfahan,Shiraz,Fadak,2550,893,1902029,1698511897,2479,947,52
1404-01-15,Train,Isfahan,Shiraz,Noor,2334,817,1938029,1583369693,2352,866,48
1404-01-15,Train,Isfahan,Shiraz,Bon Rail,2083,729,1974029,1439067141,2054,773,43
1404-01-15,Train,Isfahan,Shiraz,Joopar,2028,710,2010029,1427120590,1880,753,41
1404-02-15,Bus,Tehran,Mashhad,Seir-o-Safar,1967,1465,2231092,3268549780,4066,1553,85
1404-02-15,Bus,Tehran,Mashhad,Iran Peyma,1801,1245,2273572,2830597140,3583,1320,73
1404-02-15,Bus,Tehran,Mashhad,Royal Safar,1607,1239,2316052,2869588428,3490,1313,72
1404-02-15,Bus,Tehran,Mashhad,Ham-o-Safar,1564,1240,2358532,2924579680,3284,1314,72
1404-02-15,Train,Tehran,Mashhad,RAJA,2550,893,3119747,2785934071,2479,947,52
1404-02-15,Train,Tehran,Mashhad,Fadak,2334,817,3179147,2597363099,2352,866,48
1404-02-15,Train,Tehran,Mashhad,Noor,2083,729,3238547,2360900763,2054,773,43
1404-02-15,Train,Tehran,Mashhad,Bon Rail,2028,710,3297947,2341542370,1880,753,41
1404-02-15,Train,Tehran,Mashhad,Joopar,2219,777,3357347,2608658619,1963,824,45
1404-02-15,Train,Tehran,Mashhad,Rail Seir Kosar,2481,868,3416747,2965736396,2226,920,51
1404-02-15,Bus,Tehran,Shiraz,Seir-o-Safar,1967,1250,1871848,2339810000,3470,1325,73
1404-02-15,Bus,Tehran,Shiraz,Iran Peyma,1801,1033,1907488,1970435104,2973,1095,60
1404-02-15,Bus,Tehran,Shiraz,Royal Safar,1607,1149,1943128,2232654072,3237,1218,67
1404-02-15,Bus,Tehran,Shiraz,Ham-o-Safar,1564,945,1978768,1869935760,2503,1002,55
1404-02-15,Train,Tehran,Shiraz,RAJA,2550,893,2647058,2363822794,2479,947,52
1404-02-15,Train,Tehran,Shiraz,Fadak,2334,817,2697458,2203823186,2352,866,48
1404-02-15,Train,Tehran,Shiraz,Noor,2083,729,2747858,2003188482,2054,773,43
1404-02-15,Train,Tehran,Shiraz,Bon Rail,2028,710,2798258,1986763180,1880,753,41
1404-02-15,Train,Tehran,Shiraz,Joopar,2219,777,2848658,2213407266,1963,824,45
1404-02-15,Bus,Tehran,Isfahan,Seir-o-Safar,1967,1080,1422794,1536617520,2998,1145,63
1404-02-15,Bus,Tehran,Isfahan,Iran Peyma,1801,1102,1449884,1597772168,3172,1168,64
1404-02-15,Bus,Tehran,Isfahan,Royal Safar,1607,909,1476974,1342569366,2561,964,53
1404-02-15,Bus,Tehran,Isfahan,Ham-o-Safar,1564,1080,1504064,1624389120,2860,1145,63
1404-02-15,Train,Tehran,Isfahan,RAJA,2550,893,2056197,1836183921,2479,947,52
1404-02-15,Train,Tehran,Isfahan,Fadak,2334,817,2095347,1711898499,2352,866,48
1404-02-15,Train,Tehran,Isfahan,Noor,2083,729,2134497,1556048313,2054,773,43
1404-02-15,Train,Tehran,Isfahan,Bon Rail,2028,710,2173647,1543289370,1880,753,41
1404-02-15,Train,Tehran,Isfahan,Joopar,2219,777,2212797,1719343269,1963,824,45
1404-02-15,Bus,Tehran,Tabriz,Seir-o-Safar,1967,1019,1782038,1815896722,2828,1080,59
1404-02-15,Bus,Tehran,Tabriz,Iran Peyma,1801,995,1815968,1806888160,2864,1055,58
1404-02-15,Bus,Tehran,Tabriz,Royal Safar,1607,957,1849898,1770352386,2696,1014,56
1404-02-15,Bus,Tehran,Tabriz,Ham-o-Safar,1564,885,1883828,1667187780,2344,938,52
1404-02-15,Train,Tehran,Tabriz,RAJA,2550,893,2528886,2258295198,2479,947,52
1404-02-15,Train,Tehran,Tabriz,Fadak,2334,817,2577036,2105438412,2352,866,48
1404-02-15,Train,Tehran,Tabriz,Noor,2083,729,2625186,1913760594,2054,773,43
1404-02-15,Train,Tehran,Tabriz,Bon Rail,2028,710,2673336,1898068560,1880,753,41
1404-02-15,Train,Tehran,Tabriz,Joopar,2219,777,2721486,2114594622,1963,824,45
1404-02-15,Bus,Tehran,Rasht,Seir-o-Safar,1967,1052,1207248,1270024896,2920,1115,61
1404-02-15,Bus,Tehran,Rasht,Iran Peyma,1801,906,1230234,1114592004,2608,960,53
1404-02-15,Bus,Tehran,Rasht,Royal Safar,1607,889,1253220,1114112580,2504,942,52
1404-02-15,Bus,Tehran,Rasht,Ham-o-Safar,1564,902,1276206,1151137812,2389,956,53
1404-02-15,Train,Tehran,Rasht,RAJA,2550,893,1772584,1582917512,2479,947,52
1404-02-15,Train,Tehran,Rasht,Fadak,2334,817,1806334,1475774878,2352,866,48
1404-02-15,Train,Tehran,Rasht,Noor,2083,729,1840084,1341421236,2054,773,43
1404-02-15,Train,Tehran,Rasht,Bon Rail,2028,710,1873834,1330422140,1880,753,41
1404-02-15,Train,Tehran,Rasht,Joopar,2219,777,1907584,1482192768,1963,824,45
1404-02-15,Bus,Tehran,Ahvaz,Seir-o-Safar,1967,825,2087395,1722100875,2290,875,48
1404-02-15,Bus,Tehran,Ahvaz,Iran Peyma,1801,939,2127139,1997383521,2703,995,55
1404-02-15,Bus,Tehran,Ahvaz,Royal Safar,1607,765,2166883,1657665495,2155,811,45
1404-02-15,Bus,Tehran,Ahvaz,Ham-o-Safar,1564,844,2206627,1862393188,2235,895,49
1404-02-15,Train,Tehran,Ahvaz,RAJA,2550,893,2930672,2617090096,2479,947,52
1404-02-15,Train,Tehran,Ahvaz,Fadak,2334,817,2986472,2439947624,2352,866,48
1404-02-15,Train,Tehran,Ahvaz,Noor,2083,729,3042272,2217816288,2054,773,43
1404-02-15,Train,Tehran,Ahvaz,Bon Rail,2028,710,3098072,2199631120,1880,753,41
1404-02-15,Train,Tehran,Ahvaz,Joopar,2219,777,3153872,2450558544,1963,824,45
1404-02-15,Bus,Tehran,Kerman,Seir-o-Safar,1967,843,2410714,2032231902,2340,894,49
1404-02-15,Bus,Tehran,Kerman,Iran Peyma,1801,652,2456614,1601712328,1877,691,38
1404-02-15,Bus,Tehran,Kerman,Royal Safar,1607,735,2502514,1839347790,2071,779,43
1404-02-15,Bus,Tehran,Kerman,Ham-o-Safar,1564,636,2548414,1620791304,1684,674,37
1404-02-15,Train,Tehran,Kerman,RAJA,2550,893,3356092,2996990156,2479,947,52
1404-02-15,Train,Tehran,Kerman,Fadak,2334,817,3419992,2794133464,2352,866,48
1404-02-15,Train,Tehran,Kerman,Noor,2083,729,3483892,2539757268,2054,773,43
1404-02-15,Train,Tehran,Kerman,Bon Rail,2028,710,3547792,2518932320,1880,753,41
1404-02-15,Train,Tehran,Kerman,Joopar,2219,777,3611692,2806284684,1963,824,45
1404-02-15,Bus,Tehran,Qom,Seir-o-Safar,1967,1105,937815,1036285575,3067,1171,64
1404-02-15,Bus,Tehran,Qom,Iran Peyma,1801,1310,955671,1251929010,3771,1389,76
1404-02-15,Bus,Tehran,Qom,Royal Safar,1607,979,973527,953082933,2758,1038,57
1404-02-15,Bus,Tehran,Qom,Ham-o-Safar,1564,1218,991383,1207504494,3225,1291,71
1404-02-15,Train,Tehran,Qom,RAJA,2550,893,1418067,1266333831,2479,947,52
1404-02-15,Train,Tehran,Qom,Fadak,2334,817,1445067,1180619739,2352,866,48
1404-02-15,Train,Tehran,Qom,Noor,2083,729,1472067,1073136843,2054,773,43
1404-02-15,Train,Tehran,Qom,Bon Rail,2028,710,1499067,1064337570,1880,753,41
1404-02-15,Train,Tehran,Qom,Joopar,2219,777,1526067,1185754059,1963,824,45
1404-02-15,Bus,Mashhad,Isfahan,Seir-o-Safar,1967,783,2320903,1817267049,2173,830,46
1404-02-15,Bus,Mashhad,Isfahan,Iran Peyma,1801,630,2365093,1490008590,1813,668,37
1404-02-15,Bus,Mashhad,Isfahan,Royal Safar,1607,711,2409283,1713000213,2003,754,41
1404-02-15,Bus,Mashhad,Isfahan,Ham-o-Safar,1564,578,2453473,1418107394,1531,613,34
1404-02-15,Train,Mashhad,Isfahan,RAJA,2550,893,3237920,2891462560,2479,947,52
1404-02-15,Train,Mashhad,Isfahan,Fadak,2334,817,3299570,2695748690,2352,866,48
1404-02-15,Train,Mashhad,Isfahan,Noor,2083,729,3361220,2450329380,2054,773,43
1404-02-15,Train,Mashhad,Isfahan,Bon Rail,2028,710,3422870,2430237700,1880,753,41
1404-02-15,Train,Mashhad,Isfahan,Joopar,2219,777,3484520,2707472040,1963,824,45
1404-02-15,Bus,Mashhad,Shiraz,Seir-o-Safar,1967,688,2680147,1843941136,1910,729,40
1404-02-15,Bus,Mashhad,Shiraz,Iran Peyma,1801,630,2731177,1720641510,1813,668,37
1404-02-15,Bus,Mashhad,Shiraz,Royal Safar,1607,562,2782207,1563600334,1583,596,33
1404-02-15,Bus,Mashhad,Shiraz,Ham-o-Safar,1564,603,2833237,1708441911,1597,639,35
1404-02-15,Train,Mashhad,Shiraz,RAJA,2550,893,3710609,3313573837,2479,947,52
1404-02-15,Train,Mashhad,Shiraz,Fadak,2334,817,3781259,3089288603,2352,866,48
1404-02-15,Train,Mashhad,Shiraz,Noor,2083,729,3851909,2808041661,2054,773,43
1404-02-15,Train,Mashhad,Shiraz,Bon Rail,2028,710,3922559,2785016890,1880,753,41
1404-02-15,Train,Mashhad,Shiraz,Joopar,2219,777,3993209,3102723393,1963,824,45
1404-02-15,Bus,Mashhad,Ahvaz,Seir-o-Safar,1967,688,2769958,1905731104,1910,729,40
1404-02-15,Bus,Mashhad,Ahvaz,Iran Peyma,1801,630,2822698,1778299740,1813,668,37
1404-02-15,Bus,Mashhad,Ahvaz,Royal Safar,1607,562,2875438,1615996156,1583,596,33
1404-02-15,Bus,Mashhad,Ahvaz,Ham-o-Safar,1564,547,2928178,1601713366,1449,580,32
1404-02-15,Train,Mashhad,Ahvaz,RAJA,2550,893,3828781,3419101433,2479,947,52
1404-02-15,Train,Mashhad,Ahvaz,Fadak,2334,817,3901681,3187673377,2352,866,48
1404-02-15,Train,Mashhad,Ahvaz,Noor,2083,729,3974581,2897469549,2054,773,43
1404-02-15,Train,Mashhad,Ahvaz,Bon Rail,2028,710,4047481,2873711510,1880,753,41
1404-02-15,Train,Mashhad,Ahvaz,Joopar,2219,777,4120381,3201536037,1963,824,45
1404-02-15,Bus,Isfahan,Shiraz,Seir-o-Safar,1967,887,1297059,1150491333,2462,940,52
1404-02-15,Bus,Isfahan,Shiraz,Iran Peyma,1801,809,1321755,1069299795,2329,858,47
1404-02-15,Bus,Isfahan,Shiraz,Royal Safar,1607,745,1346451,1003105995,2099,790,43
1404-02-15,Bus,Isfahan,Shiraz,Ham-o-Safar,1564,804,1371147,1102402188,2129,852,47
1404-02-15,Train,Isfahan,Shiraz,RAJA,2550,893,1890756,1688445108,2479,947,52
1404-02-15,Train,Isfahan,Shiraz,Fadak,2334,817,1926756,1574159652,2352,866,48
1404-02-15,Train,Isfahan,Shiraz,Noor,2083,729,1962756,1430849124,2054,773,43
1404-02-15,Train,Isfahan,Shiraz,Bon Rail,2028,710,1998756,1419116760,1880,753,41
1404-02-15,Train,Isfahan,Shiraz,Joopar,2219,777,2034756,1581005412,1963,824,45
1404-03-15,Bus,Tehran,Mashhad,Seir-o-Safar,1801,1302,2257162,2938824924,3748,1380,76
1404-03-15,Bus,Tehran,Mashhad,Iran Peyma,1607,1379,2299642,3171206318,3885,1462,80
1404-03-15,Bus,Tehran,Mashhad,Royal Safar,1564,1294,2342122,3030705868,3427,1372,75
1404-03-15,Bus,Tehran,Mashhad,Ham-o-Safar,1712,1509,2384602,3598364418,3813,1600,88
1404-03-15,Train,Tehran,Mashhad,RAJA,2334,817,3156201,2578616217,2352,866,48
1404-03-15,Train,Tehran,Mashhad,Fadak,2083,729,3215601,2344173129,2054,773,43
1404-03-15,Train,Tehran,Mashhad,Noor,2028,710,3275001,2325250710,1880,753,41
1404-03-15,Train,Tehran,Mashhad,Bon Rail,2219,777,3334401,2590829577,1963,824,45
1404-03-15,Train,Tehran,Mashhad,Joopar,2481,868,3393801,2945819268,2226,920,51
1404-03-15,Train,Tehran,Mashhad,Rail Seir Kosar,2573,901,3453201,3111334101,2457,955,53
1404-03-15,Bus,Tehran,Shiraz,Seir-o-Safar,1801,1144,1893721,2166416824,3293,1213,67
1404-03-15,Bus,Tehran,Shiraz,Iran Peyma,1607,1217,1929361,2348032337,3428,1290,71
1404-03-15,Bus,Tehran,Shiraz,Royal Safar,1564,1035,1965001,2033776035,2741,1097,60
1404-03-15,Bus,Tehran,Shiraz,Ham-o-Safar,1712,1441,2000641,2882923681,3641,1527,84
1404-03-15,Train,Tehran,Shiraz,RAJA,2334,817,2677989,2187917013,2352,866,48
1404-03-15,Train,Tehran,Shiraz,Fadak,2083,729,2728389,1988995581,2054,773,43
1404-03-15,Train,Tehran,Shiraz,Noor,2028,710,2778789,1972940190,1880,753,41
1404-03-15,Train,Tehran,Shiraz,Bon Rail,2219,777,2829189,2198279853,1963,824,45
1404-03-15,Train,Tehran,Shiraz,Joopar,2481,868,2879589,2499483252,2226,920,51
1404-03-15,Bus,Tehran,Isfahan,Seir-o-Safar,1801,1150,1439419,1655331850,3310,1219,67
1404-03-15,Bus,Tehran,Isfahan,Iran Peyma,1607,1012,1466509,1484107108,2851,1073,59
1404-03-15,Bus,Tehran,Isfahan,Royal Safar,1564,1141,1493599,1704196459,3022,1209,66
1404-03-15,Bus,Tehran,Isfahan,Ham-o-Safar,1712,1113,1520689,1692526857,2812,1180,65
1404-03-15,Train,Tehran,Isfahan,RAJA,2334,817,2080224,1699543008,2352,866,48
1404-03-15,Train,Tehran,Isfahan,Fadak,2083,729,2119374,1545023646,2054,773,43
1404-03-15,Train,Tehran,Isfahan,Noor,2028,710,2158524,1532552040,1880,753,41
1404-03-15,Train,Tehran,Isfahan,Bon Rail,2219,777,2197674,1707592698,1963,824,45
1404-03-15,Train,Tehran,Isfahan,Joopar,2481,868,2236824,1941563232,2226,920,51
1404-03-15,Bus,Tehran,Tabriz,Seir-o-Safar,1801,1108,1802860,1997568880,3189,1174,65
1404-03-15,Bus,Tehran,Tabriz,Iran Peyma,1607,999,1836790,1834953210,2814,1059,58
1404-03-15,Bus,Tehran,Tabriz,Royal Safar,1564,989,1870720,1850142080,2619,1048,58
1404-03-15,Bus,Tehran,Tabriz,Ham-o-Safar,1712,1216,1904650,2316054400,3073,1289,71
1404-03-15,Train,Tehran,Tabriz,RAJA,2334,817,2558436,2090242212,2352,866,48
1404-03-15,Train,Tehran,Tabriz,Fadak,2083,729,2606586,1900201194,2054,773,43
1404-03-15,Train,Tehran,Tabriz,Noor,2028,710,2654736,1884862560,1880,753,41
1404-03-15,Train,Tehran,Tabriz,Bon Rail,2219,777,2702886,2100142422,1963,824,45
1404-03-15,Train,Tehran,Tabriz,Joopar,2481,868,2751036,2387899248,2226,920,51
1404-03-15,Bus,Tehran,Rasht,Seir-o-Safar,1801,946,1221354,1155400884,2723,1003,55
1404-03-15,Bus,Tehran,Rasht,Iran Peyma,1607,990,1244340,1231896600,2789,1049,58
1404-03-15,Bus,Tehran,Rasht,Royal Safar,1564,942,1267326,1193821092,2495,999,55
1404-03-15,Bus,Tehran,Rasht,Ham-o-Safar,1712,1082,1290312,1396117584,2734,1147,63
1404-03-15,Train,Tehran,Rasht,RAJA,2334,817,1793296,1465122832,2352,866,48
1404-03-15,Train,Tehran,Rasht,Fadak,2083,729,1827046,1331916534,2054,773,43
1404-03-15,Train,Tehran,Rasht,Noor,2028,710,1860796,1321165160,1880,753,41
1404-03-15,Train,Tehran,Rasht,Bon Rail,2219,777,1894546,1472062242,1963,824,45
1404-03-15,Train,Tehran,Rasht,Joopar,2481,868,1928296,1673760928,2226,920,51
1404-03-15,Bus,Tehran,Ahvaz,Seir-o-Safar,1801,1030,2111786,2175139580,2965,1092,60
1404-03-15,Bus,Tehran,Ahvaz,Iran Peyma,1607,802,2151530,1725527060,2259,850,47
1404-03-15,Bus,Tehran,Ahvaz,Royal Safar,1564,939,2191274,2057606286,2487,995,55
1404-03-15,Bus,Tehran,Ahvaz,Ham-o-Safar,1712,974,2231018,2173011532,2461,1032,57
1404-03-15,Train,Tehran,Ahvaz,RAJA,2334,817,2964916,2422336372,2352,866,48
1404-03-15,Train,Tehran,Ahvaz,Fadak,2083,729,3020716,2202101964,2054,773,43
1404-03-15,Train,Tehran,Ahvaz,Noor,2028,710,3076516,2184326360,1880,753,41
1404-03-15,Train,Tehran,Ahvaz,Bon Rail,2219,777,3132316,2433809532,1963,824,45
1404-03-15,Train,Tehran,Ahvaz,Joopar,2481,868,3188116,2767284688,2226,920,51
1404-03-15,Bus,Tehran,Kerman,Seir-o-Safar,1801,696,2438883,1697462568,2003,738,41
1404-03-15,Bus,Tehran,Kerman,Iran Peyma,1607,804,2484783,1997765532,2265,852,47
1404-03-15,Bus,Tehran,Kerman,Royal Safar,1564,670,2530683,1695557610,1774,710,39
1404-03-15,Bus,Tehran,Kerman,Ham-o-Safar,1712,902,2576583,2324077866,2279,956,53
1404-03-15,Train,Tehran,Kerman,RAJA,2334,817,3395308,2773966636,2352,866,48
1404-03-15,Train,Tehran,Kerman,Fadak,2083,729,3459208,2521762632,2054,773,43
1404-03-15,Train,Tehran,Kerman,Noor,2028,710,3523108,2501406680,1880,753,41
1404-03-15,Train,Tehran,Kerman,Bon Rail,2219,777,3587008,2787105216,1963,824,45
1404-03-15,Train,Tehran,Kerman,Joopar,2481,868,3650908,3168988144,2226,920,51
1404-03-15,Bus,Tehran,Qom,Seir-o-Safar,1801,1403,948773,1331128519,4038,1487,82
1404-03-15,Bus,Tehran,Qom,Iran Peyma,1607,1054,966629,1018826966,2969,1117,61
1404-03-15,Bus,Tehran,Qom,Royal Safar,1564,1329,984485,1308380565,3519,1409,77
1404-03-15,Bus,Tehran,Qom,Ham-o-Safar,1712,1229,1002341,1231877089,3106,1303,72
1404-03-15,Train,Tehran,Qom,RAJA,2334,817,1434637,1172098429,2352,866,48
1404-03-15,Train,Tehran,Qom,Fadak,2083,729,1461637,1065533373,2054,773,43
1404-03-15,Train,Tehran,Qom,Noor,2028,710,1488637,1056932270,1880,753,41
1404-03-15,Train,Tehran,Qom,Bon Rail,2219,777,1515637,1177649949,1963,824,45
1404-03-15,Train,Tehran,Qom,Joopar,2481,868,1542637,1339008916,2226,920,51
1404-03-15,Bus,Mashhad,Isfahan,Seir-o-Safar,1801,683,2348023,1603699709,1966,724,40
1404-03-15,Bus,Mashhad,Isfahan,Iran Peyma,1607,759,2392213,1815689667,2138,805,44
1404-03-15,Bus,Mashhad,Isfahan,Royal Safar,1564,626,2436403,1525188278,1658,664,37
1404-03-15,Bus,Mashhad,Isfahan,Ham-o-Safar,1712,886,2480593,2197805398,2239,939,52
1404-03-15,Train,Mashhad,Isfahan,RAJA,2334,817,3275754,2676291018,2352,866,48
1404-03-15,Train,Mashhad,Isfahan,Fadak,2083,729,3337404,2432967516,2054,773,43
1404-03-15,Train,Mashhad,Isfahan,Noor,2028,710,3399054,2413328340,1880,753,41
1404-03-15,Train,Mashhad,Isfahan,Bon Rail,2219,777,3460704,2688967008,1963,824,45
1404-03-15,Train,Mashhad,Isfahan,Joopar,2481,868,3522354,3057403272,2226,920,51
1404-03-15,Bus,Mashhad,Shiraz,Seir-o-Safar,1801,653,2711464,1770585992,1880,692,38
1404-03-15,Bus,Mashhad,Shiraz,Iran Peyma,1607,562,2762494,1552521628,1583,596,33
1404-03-15,Bus,Mashhad,Shiraz,Royal Safar,1564,643,2813524,1809095932,1703,682,38
1404-03-15,Bus,Mashhad,Shiraz,Ham-o-Safar,1712,604,2864554,1730190616,1526,640,35
1404-03-15,Train,Mashhad,Shiraz,RAJA,2334,817,3753967,3066991039,2352,866,48
1404-03-15,Train,Mashhad,Shiraz,Fadak,2083,729,3824617,2788145793,2054,773,43
1404-03-15,Train,Mashhad,Shiraz,Noor,2028,710,3895267,2765639570,1880,753,41
1404-03-15,Train,Mashhad,Shiraz,Bon Rail,2219,777,3965917,3081517509,1963,824,45
1404-03-15,Train,Mashhad,Shiraz,Joopar,2481,868,4036567,3503740156,2226,920,51
1404-03-15,Bus,Mashhad,Ahvaz,Seir-o-Safar,1801,630,2802324,1765464120,1813,668,37
1404-03-15,Bus,Mashhad,Ahvaz,Iran Peyma,1607,562,2855064,1604545968,1583,596,33
1404-03-15,Bus,Mashhad,Ahvaz,Royal Safar,1564,547,2907804,1590568788,1449,580,32
1404-03-15,Bus,Mashhad,Ahvaz,Ham-o-Safar,1712,634,2960544,1876984896,1602,672,37
1404-03-15,Train,Mashhad,Ahvaz,RAJA,2334,817,3873520,3164665840,2352,866,48
1404-03-15,Train,Mashhad,Ahvaz,Fadak,2083,729,3946420,2876940180,2054,773,43
1404-03-15,Train,Mashhad,Ahvaz,Noor,2028,710,4019320,2853717200,1880,753,41
1404-03-15,Train,Mashhad,Ahvaz,Bon Rail,2219,777,4092220,3179654940,1963,824,45
1404-03-15,Train,Mashhad,Ahvaz,Joopar,2481,868,4165120,3615324160,2226,920,51
1404-03-15,Bus,Isfahan,Shiraz,Seir-o-Safar,1801,842,1312215,1104885030,2424,893,49
1404-03-15,Bus,Isfahan,Shiraz,Iran Peyma,1607,832,1336911,1112309952,2344,882,49
1404-03-15,Bus,Isfahan,Shiraz,Royal Safar,1564,841,1361607,1145111487,2227,891,49
1404-03-15,Bus,Isfahan,Shiraz,Ham-o-Safar,1712,907,1386303,1257376821,2292,961,53
1404-03-15,Train,Isfahan,Shiraz,RAJA,2334,817,1912849,1562797633,2352,866,48
1404-03-15,Train,Isfahan,Shiraz,Fadak,2083,729,1948849,1420710921,2054,773,43
1404-03-15,Train,Isfahan,Shiraz,Noor,2028,710,1984849,1409242790,1880,753,41
1404-03-15,Train,Isfahan,Shiraz,Bon Rail,2219,777,2020849,1570199673,1963,824,45
1404-03-15,Train,Isfahan,Shiraz,Joopar,2481,868,2056849,1785344932,2226,920,51
1404-04-15,Bus,Tehran,Mashhad,Seir-o-Safar,1607,1172,2273742,2664825624,3302,1242,68
1404-04-15,Bus,Tehran,Mashhad,Iran Peyma,1564,1039,2316222,2406554658,2751,1101,61
1404-04-15,Bus,Tehran,Mashhad,Royal Safar,1712,1297,2358702,3059236494,3277,1375,76
1404-04-15,Bus,Tehran,Mashhad,Ham-o-Safar,1914,1456,2401182,3496120992,3734,1543,85
1404-04-15,Train,Tehran,Mashhad,RAJA,2083,729,3179385,2317771665,2054,773,43
1404-04-15,Train,Tehran,Mashhad,Fadak,2028,710,3238785,2299537350,1880,753,41
1404-04-15,Train,Tehran,Mashhad,Noor,2219,777,3298185,2562689745,1963,824,45
1404-04-15,Train,Tehran,Mashhad,Bon Rail,2481,868,3357585,2914383780,2226,920,51
1404-04-15,Train,Tehran,Mashhad,Joopar,2573,901,3416985,3078703485,2457,955,53
1404-04-15,Train,Tehran,Mashhad,Rail Seir Kosar,2410,844,3476385,2934068940,2417,895,49
1404-04-15,Bus,Tehran,Shiraz,Seir-o-Safar,1607,983,1907631,1875201273,2769,1042,57
1404-04-15,Bus,Tehran,Shiraz,Iran Peyma,1564,879,1943271,1708135209,2328,932,51
1404-04-15,Bus,Tehran,Shiraz,Royal Safar,1712,1183,1978911,2341051713,2989,1254,69
1404-04-15,Bus,Tehran,Shiraz,Ham-o-Safar,1914,1127,2014551,2270398977,2891,1195,66
1404-04-15,Train,Tehran,Shiraz,RAJA,2083,729,2697660,1966594140,2054,773,43
1404-04-15,Train,Tehran,Shiraz,Fadak,2028,710,2748060,1951122600,1880,753,41
1404-04-15,Train,Tehran,Shiraz,Noor,2219,777,2798460,2174403420,1963,824,45
1404-04-15,Train,Tehran,Shiraz,Bon Rail,2481,868,2848860,2472810480,2226,920,51
1404-04-15,Train,Tehran,Shiraz,Joopar,2573,901,2899260,2612233260,2457,955,53
1404-04-15,Bus,Tehran,Isfahan,Seir-o-Safar,1607,867,1449992,1257143064,2442,919,51
1404-04-15,Bus,Tehran,Isfahan,Iran Peyma,1564,920,1477082,1358915440,2436,975,54
1404-04-15,Bus,Tehran,Isfahan,Royal Safar,1712,951,1504172,1430467572,2403,1008,55
1404-04-15,Bus,Tehran,Isfahan,Ham-o-Safar,1914,1275,1531262,1952359050,3270,1352,74
1404-04-15,Train,Tehran,Isfahan,RAJA,2083,729,2095504,1527622416,2054,773,43
1404-04-15,Train,Tehran,Isfahan,Fadak,2028,710,2134654,1515604340,1880,753,41
1404-04-15,Train,Tehran,Isfahan,Noor,2219,777,2173804,1689045708,1963,824,45
1404-04-15,Train,Tehran,Isfahan,Bon Rail,2481,868,2212954,1920844072,2226,920,51
1404-04-15,Train,Tehran,Isfahan,Joopar,2573,901,2252104,2029145704,2457,955,53
1404-04-15,Bus,Tehran,Tabriz,Seir-o-Safar,1607,800,1816103,1452882400,2254,848,47
1404-04-15,Bus,Tehran,Tabriz,Iran Peyma,1564,849,1850033,1570678017,2248,900,50
1404-04-15,Bus,Tehran,Tabriz,Royal Safar,1712,980,1883963,1846283740,2476,1039,57
1404-04-15,Bus,Tehran,Tabriz,Ham-o-Safar,1914,1064,1917893,2040638152,2729,1128,62
1404-04-15,Train,Tehran,Tabriz,RAJA,2083,729,2577229,1878799941,2054,773,43
1404-04-15,Train,Tehran,Tabriz,Fadak,2028,710,2625379,1864019090,1880,753,41
1404-04-15,Train,Tehran,Tabriz,Noor,2219,777,2673529,2077332033,1963,824,45
1404-04-15,Train,Tehran,Tabriz,Bon Rail,2481,868,2721679,2362417372,2226,920,51
1404-04-15,Train,Tehran,Tabriz,Joopar,2573,901,2769829,2495615929,2457,955,53
1404-04-15,Bus,Tehran,Rasht,Seir-o-Safar,1607,842,1230326,1035934492,2372,893,49
1404-04-15,Bus,Tehran,Rasht,Iran Peyma,1564,756,1253312,947503872,2002,801,44
1404-04-15,Bus,Tehran,Rasht,Royal Safar,1712,930,1276298,1186957140,2350,986,54
1404-04-15,Bus,Tehran,Rasht,Ham-o-Safar,1914,1060,1299284,1377241040,2719,1124,62
1404-04-15,Train,Tehran,Rasht,RAJA,2083,729,1806469,1316915901,2054,773,43
1404-04-15,Train,Tehran,Rasht,Fadak,2028,710,1840219,1306555490,1880,753,41
1404-04-15,Train,Tehran,Rasht,Noor,2219,777,1873969,1456073913,1963,824,45
1404-04-15,Train,Tehran,Rasht,Bon Rail,2481,868,1907719,1655900092,2226,920,51
1404-04-15,Train,Tehran,Rasht,Joopar,2573,901,1941469,1749263569,2457,955,53
1404-04-15,Bus,Tehran,Ahvaz,Seir-o-Safar,1607,651,2127298,1384870998,1834,690,38
1404-04-15,Bus,Tehran,Ahvaz,Iran Peyma,1564,798,2167042,1729299516,2113,846,47
1404-04-15,Bus,Tehran,Ahvaz,Royal Safar,1712,784,2206786,1730120224,1981,831,46
1404-04-15,Bus,Tehran,Ahvaz,Ham-o-Safar,1914,1014,2246530,2277981420,2601,1075,59
1404-04-15,Train,Tehran,Ahvaz,RAJA,2083,729,2986695,2177300655,2054,773,43
1404-04-15,Train,Tehran,Ahvaz,Fadak,2028,710,3042495,2160171450,1880,753,41
1404-04-15,Train,Tehran,Ahvaz,Noor,2219,777,3098295,2407375215,1963,824,45
1404-04-15,Train,Tehran,Ahvaz,Bon Rail,2481,868,3154095,2737754460,2226,920,51
1404-04-15,Train,Tehran,Ahvaz,Joopar,2573,901,3209895,2892115395,2457,955,53
1404-04-15,Bus,Tehran,Kerman,Seir-o-Safar,1607,670,2456797,1646053990,1887,710,39
1404-04-15,Bus,Tehran,Kerman,Iran Peyma,1564,548,2502697,1371477956,1451,581,32
1404-04-15,Bus,Tehran,Kerman,Royal Safar,1712,765,2548597,1949676705,1933,811,45
1404-04-15,Bus,Tehran,Kerman,Ham-o-Safar,1914,749,2594497,1943278253,1921,794,44
1404-04-15,Train,Tehran,Kerman,RAJA,2083,729,3420247,2493360063,2054,773,43
1404-04-15,Train,Tehran,Kerman,Fadak,2028,710,3484147,2473744370,1880,753,41
1404-04-15,Train,Tehran,Kerman,Noor,2219,777,3548047,2756832519,1963,824,45
1404-04-15,Train,Tehran,Kerman,Bon Rail,2481,868,3611947,3135169996,2226,920,51
1404-04-15,Train,Tehran,Kerman,Joopar,2573,901,3675847,3311938147,2457,955,53
1404-04-15,Bus,Tehran,Qom,Seir-o-Safar,1607,881,955742,842008702,2482,934,51
1404-04-15,Bus,Tehran,Qom,Iran Peyma,1564,1104,973598,1074852192,2924,1170,64
1404-04-15,Bus,Tehran,Qom,Royal Safar,1712,1011,991454,1002359994,2555,1072,59
1404-04-15,Bus,Tehran,Qom,Ham-o-Safar,1914,1455,1009310,1468546050,3732,1542,85
1404-04-15,Train,Tehran,Qom,RAJA,2083,729,1445175,1053532575,2054,773,43
1404-04-15,Train,Tehran,Qom,Fadak,2028,710,1472175,1045244250,1880,753,41
1404-04-15,Train,Tehran,Qom,Noor,2219,777,1499175,1164858975,1963,824,45
1404-04-15,Train,Tehran,Qom,Bon Rail,2481,868,1526175,1324719900,2226,920,51
1404-04-15,Train,Tehran,Qom,Joopar,2573,901,1553175,1399410675,2457,955,53
1404-04-15,Bus,Mashhad,Isfahan,Seir-o-Safar,1607,617,2365270,1459371590,1738,654,36
1404-04-15,Bus,Mashhad,Isfahan,Iran Peyma,1564,547,2409460,1317974620,1449,580,32
1404-04-15,Bus,Mashhad,Isfahan,Royal Safar,1712,734,2453650,1800979100,1855,778,43
1404-04-15,Bus,Mashhad,Isfahan,Ham-o-Safar,1914,687,2497840,1716016080,1762,728,40
1404-04-15,Train,Mashhad,Isfahan,RAJA,2083,729,3299816,2405565864,2054,773,43
1404-04-15,Train,Mashhad,Isfahan,Fadak,2028,710,3361466,2386640860,1880,753,41
1404-04-15,Train,Mashhad,Isfahan,Noor,2219,777,3423116,2659761132,1963,824,45
1404-04-15,Train,Mashhad,Isfahan,Bon Rail,2481,868,3484766,3024776888,2226,920,51
1404-04-15,Train,Mashhad,Isfahan,Joopar,2573,901,3546416,3195320816,2457,955,53
1404-04-15,Bus,Mashhad,Shiraz,Seir-o-Safar,1607,562,2731381,1535036122,1583,596,33
1404-04-15,Bus,Mashhad,Shiraz,Iran Peyma,1564,547,2782411,1521978817,1449,580,32
1404-04-15,Bus,Mashhad,Shiraz,Royal Safar,1712,599,2833441,1697231159,1514,635,35
1404-04-15,Bus,Mashhad,Shiraz,Ham-o-Safar,1914,715,2884471,2062396765,1834,758,42
1404-04-15,Train,Mashhad,Shiraz,RAJA,2083,729,3781541,2756743389,2054,773,43
1404-04-15,Train,Mashhad,Shiraz,Fadak,2028,710,3852191,2735055610,1880,753,41
1404-04-15,Train,Mashhad,Shiraz,Noor,2219,777,3922841,3048047457,1963,824,45
1404-04-15,Train,Mashhad,Shiraz,Bon Rail,2481,868,3993491,3466350188,2226,920,51
1404-04-15,Train,Mashhad,Shiraz,Joopar,2573,901,4064141,3661791041,2457,955,53
1404-04-15,Bus,Mashhad,Ahvaz,Seir-o-Safar,1607,562,2822908,1586474296,1583,596,33
1404-04-15,Bus,Mashhad,Ahvaz,Iran Peyma,1564,547,2875648,1572979456,1449,580,32
1404-04-15,Bus,Mashhad,Ahvaz,Royal Safar,1712,599,2928388,1754104412,1514,635,35
1404-04-15,Bus,Mashhad,Ahvaz,Ham-o-Safar,1914,670,2981128,1997355760,1718,710,39
1404-04-15,Train,Mashhad,Ahvaz,RAJA,2083,729,3901972,2844537588,2054,773,43
1404-04-15,Train,Mashhad,Ahvaz,Fadak,2028,710,3974872,2822159120,1880,753,41
1404-04-15,Train,Mashhad,Ahvaz,Noor,2219,777,4047772,3145118844,1963,824,45
1404-04-15,Train,Mashhad,Ahvaz,Bon Rail,2481,868,4120672,3576743296,2226,920,51
1404-04-15,Train,Mashhad,Ahvaz,Joopar,2573,901,4193572,3778408372,2457,955,53
1404-04-15,Bus,Isfahan,Shiraz,Seir-o-Safar,1607,711,1321853,939837483,2003,754,41
1404-04-15,Bus,Isfahan,Shiraz,Iran Peyma,1564,674,1346549,907574026,1785,714,39
1404-04-15,Bus,Isfahan,Shiraz,Royal Safar,1712,781,1371245,1070942345,1974,828,46
1404-04-15,Bus,Isfahan,Shiraz,Ham-o-Safar,1914,945,1395941,1319164245,2424,1002,55
1404-04-15,Train,Isfahan,Shiraz,RAJA,2083,729,1926900,1404710100,2054,773,43
1404-04-15,Train,Isfahan,Shiraz,Fadak,2028,710,1962900,1393659000,1880,753,41
1404-04-15,Train,Isfahan,Shiraz,Noor,2219,777,1998900,1553145300,1963,824,45
1404-04-15,Train,Isfahan,Shiraz,Bon Rail,2481,868,2034900,1766293200,2226,920,51
1404-04-15,Train,Isfahan,Shiraz,Joopar,2573,901,2070900,1865880900,2457,955,53
1404-05-15,Bus,Tehran,Mashhad,Seir-o-Safar,1564,892,2276772,2030880624,2362,946,52
1404-05-15,Bus,Tehran,Mashhad,Iran Peyma,1712,1182,2319252,2741355864,2987,1253,69
1404-05-15,Bus,Tehran,Mashhad,Royal Safar,1914,1247,2361732,2945079804,3198,1322,73
1404-05-15,Bus,Tehran,Mashhad,Ham-o-Safar,1985,1411,2404212,3392343132,3848,1496,82
1404-05-15,Train,Tehran,Mashhad,RAJA,2028,710,3183622,2260371620,1880,753,41
1404-05-15,Train,Tehran,Mashhad,Fadak,2219,777,3243022,2519828094,1963,824,45
1404-05-15,Train,Tehran,Mashhad,Noor,2481,868,3302422,2866502296,2226,920,51
1404-05-15,Train,Tehran,Mashhad,Bon Rail,2573,901,3361822,3029001622,2457,955,53
1404-05-15,Train,Tehran,Mashhad,Joopar,2410,844,3421222,2887511368,2417,895,49
1404-05-15,Train,Tehran,Mashhad,Rail Seir Kosar,2143,750,3480622,2610466500,2138,795,44
1404-05-15,Bus,Tehran,Shiraz,Seir-o-Safar,1564,800,1910173,1528138400,2119,848,47
1404-05-15,Bus,Tehran,Shiraz,Iran Peyma,1712,1025,1945813,1994458325,2590,1087,60
1404-05-15,Bus,Tehran,Shiraz,Royal Safar,1914,1016,1981453,2013156248,2606,1077,59
1404-05-15,Bus,Tehran,Shiraz,Ham-o-Safar,1985,1327,2017093,2676682411,3619,1407,77
1404-05-15,Train,Tehran,Shiraz,RAJA,2028,710,2701255,1917891050,1880,753,41
1404-05-15,Train,Tehran,Shiraz,Fadak,2219,777,2751655,2138035935,1963,824,45
1404-05-15,Train,Tehran,Shiraz,Noor,2481,868,2802055,2432183740,2226,920,51
1404-05-15,Train,Tehran,Shiraz,Bon Rail,2573,901,2852455,2570061955,2457,955,53
1404-05-15,Train,Tehran,Shiraz,Joopar,2410,844,2902855,2450009620,2417,895,49
1404-05-15,Bus,Tehran,Isfahan,Seir-o-Safar,1564,786,1451925,1141213050,2081,833,46
1404-05-15,Bus,Tehran,Isfahan,Iran Peyma,1712,869,1479015,1285264035,2196,921,51
1404-05-15,Bus,Tehran,Isfahan,Royal Safar,1914,1102,1506105,1659727710,2826,1168,64
1404-05-15,Bus,Tehran,Isfahan,Ham-o-Safar,1985,1037,1533195,1589923215,2828,1099,60
1404-05-15,Train,Tehran,Isfahan,RAJA,2028,710,2098296,1489790160,1880,753,41
1404-05-15,Train,Tehran,Isfahan,Fadak,2219,777,2137446,1660795542,1963,824,45
1404-05-15,Train,Tehran,Isfahan,Noor,2481,868,2176596,1889285328,2226,920,51
1404-05-15,Train,Tehran,Isfahan,Bon Rail,2573,901,2215746,1996387146,2457,955,53
1404-05-15,Train,Tehran,Isfahan,Joopar,2410,844,2254896,1903132224,2417,895,49
1404-05-15,Bus,Tehran,Tabriz,Seir-o-Safar,1564,775,1818524,1409356100,2052,822,45
1404-05-15,Bus,Tehran,Tabriz,Iran Peyma,1712,838,1852454,1552356452,2118,888,49
1404-05-15,Bus,Tehran,Tabriz,Royal Safar,1914,975,1886384,1839224400,2501,1034,57
1404-05-15,Bus,Tehran,Tabriz,Ham-o-Safar,1985,1112,1920314,2135389168,3032,1179,65
1404-05-15,Train,Tehran,Tabriz,RAJA,2028,710,2580663,1832270730,1880,753,41
1404-05-15,Train,Tehran,Tabriz,Fadak,2219,777,2628813,2042587701,1963,824,45
1404-05-15,Train,Tehran,Tabriz,Noor,2481,868,2676963,2323603884,2226,920,51
1404-05-15,Train,Tehran,Tabriz,Bon Rail,2573,901,2725113,2455326813,2457,955,53
1404-05-15,Train,Tehran,Tabriz,Joopar,2410,844,2773263,2340633972,2417,895,49
1404-05-15,Bus,Tehran,Rasht,Seir-o-Safar,1564,648,1231965,798313320,1716,687,38
1404-05-15,Bus,Tehran,Rasht,Iran Peyma,1712,849,1254951,1065453399,2145,900,50
1404-05-15,Bus,Tehran,Rasht,Royal Safar,1914,907,1277937,1159088859,2326,961,53
1404-05-15,Bus,Tehran,Rasht,Ham-o-Safar,1985,1011,1300923,1315233153,2757,1072,59
1404-05-15,Train,Tehran,Rasht,RAJA,2028,710,1808876,1284301960,1880,753,41
1404-05-15,Train,Tehran,Rasht,Fadak,2219,777,1842626,1431720402,1963,824,45
1404-05-15,Train,Tehran,Rasht,Noor,2481,868,1876376,1628694368,2226,920,51
1404-05-15,Train,Tehran,Rasht,Bon Rail,2573,901,1910126,1721023526,2457,955,53
1404-05-15,Train,Tehran,Rasht,Joopar,2410,844,1943876,1640631344,2417,895,49
1404-05-15,Bus,Tehran,Ahvaz,Seir-o-Safar,1564,716,2130133,1525175228,1896,759,42
1404-05-15,Bus,Tehran,Ahvaz,Iran Peyma,1712,675,2169877,1464666975,1706,716,39
1404-05-15,Bus,Tehran,Ahvaz,Royal Safar,1914,924,2209621,2041689804,2370,979,54
1404-05-15,Bus,Tehran,Ahvaz,Ham-o-Safar,1985,889,2249365,1999685485,2424,942,52
1404-05-15,Train,Tehran,Ahvaz,RAJA,2028,710,2990675,2123379250,1880,753,41
1404-05-15,Train,Tehran,Ahvaz,Fadak,2219,777,3046475,2367111075,1963,824,45
1404-05-15,Train,Tehran,Ahvaz,Noor,2481,868,3102275,2692774700,2226,920,51
1404-05-15,Train,Tehran,Ahvaz,Bon Rail,2573,901,3158075,2845425575,2457,955,53
1404-05-15,Train,Tehran,Ahvaz,Joopar,2410,844,3213875,2712510500,2417,895,49
1404-05-15,Bus,Tehran,Kerman,Seir-o-Safar,1564,547,2460072,1345659384,1449,580,32
1404-05-15,Bus,Tehran,Kerman,Iran Peyma,1712,684,2505972,1714084848,1728,725,40
1404-05-15,Bus,Tehran,Kerman,Royal Safar,1914,670,2551872,1709754240,1718,710,39
1404-05-15,Bus,Tehran,Kerman,Ham-o-Safar,1985,840,2597772,2182128480,2291,890,49
1404-05-15,Train,Tehran,Kerman,RAJA,2028,710,3424806,2431612260,1880,753,41
1404-05-15,Train,Tehran,Kerman,Fadak,2219,777,3488706,2710724562,1963,824,45
1404-05-15,Train,Tehran,Kerman,Noor,2481,868,3552606,3083662008,2226,920,51
1404-05-15,Train,Tehran,Kerman,Bon Rail,2573,901,3616506,3258471906,2457,955,53
1404-05-15,Train,Tehran,Kerman,Joopar,2410,844,3680406,3106262664,2417,895,49
1404-05-15,Bus,Tehran,Qom,Seir-o-Safar,1564,966,957016,924477456,2558,1024,56
1404-05-15,Bus,Tehran,Qom,Iran Peyma,1712,896,974872,873485312,2264,950,52
1404-05-15,Bus,Tehran,Qom,Royal Safar,1914,1298,992728,1288560944,3329,1376,76
1404-05-15,Bus,Tehran,Qom,Ham-o-Safar,1985,1130,1010584,1141959920,3081,1198,66
1404-05-15,Train,Tehran,Qom,RAJA,2028,710,1447101,1027441710,1880,753,41
1404-05-15,Train,Tehran,Qom,Fadak,2219,777,1474101,1145376477,1963,824,45
1404-05-15,Train,Tehran,Qom,Noor,2481,868,1501101,1302955668,2226,920,51
1404-05-15,Train,Tehran,Qom,Bon Rail,2573,901,1528101,1376819001,2457,955,53
1404-05-15,Train,Tehran,Qom,Joopar,2410,844,1555101,1312505244,2417,895,49
1404-05-15,Bus,Mashhad,Isfahan,Seir-o-Safar,1564,547,2368422,1295526834,1449,580,32
1404-05-15,Bus,Mashhad,Isfahan,Iran Peyma,1712,640,2412612,1544071680,1617,678,37
1404-05-15,Bus,Mashhad,Isfahan,Royal Safar,1914,670,2456802,1646057340,1718,710,39
1404-05-15,Bus,Mashhad,Isfahan,Ham-o-Safar,1985,818,2500992,2045811456,2231,867,48
1404-05-15,Train,Mashhad,Isfahan,RAJA,2028,710,3304214,2345991940,1880,753,41
1404-05-15,Train,Mashhad,Isfahan,Fadak,2219,777,3365864,2615276328,1963,824,45
1404-05-15,Train,Mashhad,Isfahan,Noor,2481,868,3427514,2975082152,2226,920,51
1404-05-15,Train,Mashhad,Isfahan,Bon Rail,2573,901,3489164,3143736764,2457,955,53
1404-05-15,Train,Mashhad,Isfahan,Joopar,2410,844,3550814,2996887016,2417,895,49
1404-05-15,Bus,Mashhad,Shiraz,Seir-o-Safar,1564,547,2735021,1496056487,1449,580,32
1404-05-15,Bus,Mashhad,Shiraz,Iran Peyma,1712,599,2786051,1668844549,1514,635,35
1404-05-15,Bus,Mashhad,Shiraz,Royal Safar,1914,670,2837081,1900844270,1718,710,39
1404-05-15,Bus,Mashhad,Shiraz,Ham-o-Safar,1985,695,2888111,2007237145,1895,737,41
1404-05-15,Train,Mashhad,Shiraz,RAJA,2028,710,3786581,2688472510,1880,753,41
1404-05-15,Train,Mashhad,Shiraz,Fadak,2219,777,3857231,2997068487,1963,824,45
1404-05-15,Train,Mashhad,Shiraz,Noor,2481,868,3927881,3409400708,2226,920,51
1404-05-15,Train,Mashhad,Shiraz,Bon Rail,2573,901,3998531,3602676431,2457,955,53
1404-05-15,Train,Mashhad,Shiraz,Joopar,2410,844,4069181,3434388764,2417,895,49
1404-05-15,Bus,Mashhad,Ahvaz,Seir-o-Safar,1564,547,2826670,1546188490,1449,580,32
1404-05-15,Bus,Mashhad,Ahvaz,Iran Peyma,1712,599,2879410,1724766590,1514,635,35
1404-05-15,Bus,Mashhad,Ahvaz,Royal Safar,1914,670,2932150,1964540500,1718,710,39
1404-05-15,Bus,Mashhad,Ahvaz,Ham-o-Safar,1985,695,2984890,2074498550,1895,737,41
1404-05-15,Train,Mashhad,Ahvaz,RAJA,2028,710,3907173,2774092830,1880,753,41
1404-05-15,Train,Mashhad,Ahvaz,Fadak,2219,777,3980073,3092516721,1963,824,45
1404-05-15,Train,Mashhad,Ahvaz,Noor,2481,868,4052973,3517980564,2226,920,51
1404-05-15,Train,Mashhad,Ahvaz,Bon Rail,2573,901,4125873,3717411573,2457,955,53
1404-05-15,Train,Mashhad,Ahvaz,Joopar,2410,844,4198773,3543764412,2417,895,49
1404-05-15,Bus,Isfahan,Shiraz,Seir-o-Safar,1564,576,1323615,762402240,1525,611,34
1404-05-15,Bus,Isfahan,Shiraz,Iran Peyma,1712,714,1348311,962694054,1804,757,42
1404-05-15,Bus,Isfahan,Shiraz,Royal Safar,1914,810,1373007,1112135670,2078,859,47
1404-05-15,Bus,Isfahan,Shiraz,Ham-o-Safar,1985,848,1397703,1185252144,2312,899,49
1404-05-15,Train,Isfahan,Shiraz,RAJA,2028,710,1929468,1369922280,1880,753,41
1404-05-15,Train,Isfahan,Shiraz,Fadak,2219,777,1965468,1527168636,1963,824,45
1404-05-15,Train,Isfahan,Shiraz,Noor,2481,868,2001468,1737274224,2226,920,51
1404-05-15,Train,Isfahan,Shiraz,Bon Rail,2573,901,2037468,1835758668,2457,955,53
1404-05-15,Train,Isfahan,Shiraz,Joopar,2410,844,2073468,1750006992,2417,895,49
1404-06-15,Bus,Tehran,Mashhad,Seir-o-Safar,1712,1134,2265511,2569089474,2866,1202,66
1404-06-15,Bus,Tehran,Mashhad,Iran Peyma,1914,1135,2307991,2619569785,2911,1203,66
1404-06-15,Bus,Tehran,Mashhad,Royal Safar,1985,1371,2350471,3222495741,3739,1453,80
1404-06-15,Bus,Tehran,Mashhad,Ham-o-Safar,1859,1261,2392951,3017511211,3612,1337,74
1404-06-15,Train,Tehran,Mashhad,RAJA,2219,777,3167875,2461438875,1963,824,45
1404-06-15,Train,Tehran,Mashhad,Fadak,2481,868,3227275,2801274700,2226,920,51
1404-06-15,Train,Tehran,Mashhad,Noor,2573,901,3286675,2961294175,2457,955,53
1404-06-15,Train,Tehran,Mashhad,Bon Rail,2410,844,3346075,2824087300,2417,895,49
1404-06-15,Train,Tehran,Mashhad,Joopar,2143,750,3405475,2554106250,2138,795,44
1404-06-15,Train,Tehran,Mashhad,Rail Seir Kosar,2016,706,3464875,2446201750,1905,748,41
1404-06-15,Bus,Tehran,Shiraz,Seir-o-Safar,1712,935,1900725,1777177875,2363,991,55
1404-06-15,Bus,Tehran,Shiraz,Iran Peyma,1914,980,1936365,1897637700,2514,1039,57
1404-06-15,Bus,Tehran,Shiraz,Royal Safar,1985,1229,1972005,2423594145,3351,1303,72
1404-06-15,Bus,Tehran,Shiraz,Ham-o-Safar,1859,992,2007645,1991583840,2841,1052,58
1404-06-15,Train,Tehran,Shiraz,RAJA,2219,777,2687894,2088493638,1963,824,45
1404-06-15,Train,Tehran,Shiraz,Fadak,2481,868,2738294,2376839192,2226,920,51
1404-06-15,Train,Tehran,Shiraz,Noor,2573,901,2788694,2512613294,2457,955,53
1404-06-15,Train,Tehran,Shiraz,Bon Rail,2410,844,2839094,2396195336,2417,895,49
1404-06-15,Train,Tehran,Shiraz,Joopar,2143,750,2889494,2167120500,2138,795,44
1404-06-15,Bus,Tehran,Isfahan,Seir-o-Safar,1712,844,1444743,1219363092,2133,895,49
1404-06-15,Bus,Tehran,Isfahan,Iran Peyma,1914,1005,1471833,1479192165,2578,1065,59
1404-06-15,Bus,Tehran,Isfahan,Royal Safar,1985,1005,1498923,1506417615,2741,1065,59
1404-06-15,Bus,Tehran,Isfahan,Ham-o-Safar,1859,1108,1526013,1690822404,3174,1174,65
1404-06-15,Train,Tehran,Isfahan,RAJA,2219,777,2087918,1622312286,1963,824,45
1404-06-15,Train,Tehran,Isfahan,Fadak,2481,868,2127068,1846295024,2226,920,51
1404-06-15,Train,Tehran,Isfahan,Noor,2573,901,2166218,1951762418,2457,955,53
1404-06-15,Train,Tehran,Isfahan,Bon Rail,2410,844,2205368,1861330592,2417,895,49
1404-06-15,Train,Tehran,Isfahan,Joopar,2143,750,2244518,1683388500,2138,795,44
1404-06-15,Bus,Tehran,Tabriz,Seir-o-Safar,1712,760,1809529,1375242040,1920,806,44
1404-06-15,Bus,Tehran,Tabriz,Iran Peyma,1914,948,1843459,1747599132,2431,1005,55
1404-06-15,Bus,Tehran,Tabriz,Royal Safar,1985,1013,1877389,1901795057,2762,1074,59
1404-06-15,Bus,Tehran,Tabriz,Ham-o-Safar,1859,943,1911319,1802373817,2701,1000,55
1404-06-15,Train,Tehran,Tabriz,RAJA,2219,777,2567899,1995257523,1963,824,45
1404-06-15,Train,Tehran,Tabriz,Fadak,2481,868,2616049,2270730532,2226,920,51
1404-06-15,Train,Tehran,Tabriz,Noor,2573,901,2664199,2400443299,2457,955,53
1404-06-15,Train,Tehran,Tabriz,Bon Rail,2410,844,2712349,2289222556,2417,895,49
1404-06-15,Train,Tehran,Tabriz,Joopar,2143,750,2760499,2070374250,2138,795,44
1404-06-15,Bus,Tehran,Rasht,Seir-o-Safar,1712,816,1225872,1000311552,2062,865,48
1404-06-15,Bus,Tehran,Rasht,Iran Peyma,1914,825,1248858,1030307850,2116,875,48
1404-06-15,Bus,Tehran,Rasht,Royal Safar,1985,984,1271844,1251494496,2683,1043,57
1404-06-15,Bus,Tehran,Rasht,Ham-o-Safar,1859,917,1294830,1187359110,2627,972,53
1404-06-15,Train,Tehran,Rasht,RAJA,2219,777,1799929,1398544833,1963,824,45
1404-06-15,Train,Tehran,Rasht,Fadak,2481,868,1833679,1591633372,2226,920,51
1404-06-15,Train,Tehran,Rasht,Noor,2573,901,1867429,1682553529,2457,955,53
1404-06-15,Train,Tehran,Rasht,Bon Rail,2410,844,1901179,1604595076,2417,895,49
1404-06-15,Train,Tehran,Rasht,Joopar,2143,750,1934929,1451196750,2138,795,44
1404-06-15,Bus,Tehran,Ahvaz,Seir-o-Safar,1712,623,2119596,1320508308,1574,660,36
1404-06-15,Bus,Tehran,Ahvaz,Iran Peyma,1914,886,2159340,1913175240,2272,939,52
1404-06-15,Bus,Tehran,Ahvaz,Royal Safar,1985,812,2199084,1785656208,2214,861,47
1404-06-15,Bus,Tehran,Ahvaz,Ham-o-Safar,1859,897,2238828,2008228716,2569,951,52
1404-06-15,Train,Tehran,Ahvaz,RAJA,2219,777,2975883,2312261091,1963,824,45
1404-06-15,Train,Tehran,Ahvaz,Fadak,2481,868,3031683,2631500844,2226,920,51
1404-06-15,Train,Tehran,Ahvaz,Noor,2573,901,3087483,2781822183,2457,955,53
1404-06-15,Train,Tehran,Ahvaz,Bon Rail,2410,844,3143283,2652930852,2417,895,49
1404-06-15,Train,Tehran,Ahvaz,Joopar,2143,750,3199083,2399312250,2138,795,44
1404-06-15,Bus,Tehran,Kerman,Seir-o-Safar,1712,643,2447904,1574002272,1625,682,38
1404-06-15,Bus,Tehran,Kerman,Iran Peyma,1914,670,2493804,1670848680,1718,710,39
1404-06-15,Bus,Tehran,Kerman,Royal Safar,1985,804,2539704,2041922016,2192,852,47
1404-06-15,Bus,Tehran,Kerman,Ham-o-Safar,1859,651,2585604,1683228204,1865,690,38
1404-06-15,Train,Tehran,Kerman,RAJA,2219,777,3407866,2647911882,1963,824,45
1404-06-15,Train,Tehran,Kerman,Fadak,2481,868,3471766,3013492888,2226,920,51
1404-06-15,Train,Tehran,Kerman,Noor,2573,901,3535666,3185635066,2457,955,53
1404-06-15,Train,Tehran,Kerman,Bon Rail,2410,844,3599566,3038033704,2417,895,49
1404-06-15,Train,Tehran,Kerman,Joopar,2143,750,3663466,2747599500,2138,795,44
1404-06-15,Bus,Tehran,Qom,Seir-o-Safar,1712,851,952282,810391982,2150,902,50
1404-06-15,Bus,Tehran,Qom,Iran Peyma,1914,1216,970138,1179687808,3119,1289,71
1404-06-15,Bus,Tehran,Qom,Royal Safar,1985,1056,987994,1043321664,2880,1119,62
1404-06-15,Bus,Tehran,Qom,Ham-o-Safar,1859,1279,1005850,1286482150,3663,1356,75
1404-06-15,Train,Tehran,Qom,RAJA,2219,777,1439943,1118835711,1963,824,45
1404-06-15,Train,Tehran,Qom,Fadak,2481,868,1466943,1273306524,2226,920,51
1404-06-15,Train,Tehran,Qom,Noor,2573,901,1493943,1346042643,2457,955,53
1404-06-15,Train,Tehran,Qom,Bon Rail,2410,844,1520943,1283675892,2417,895,49
1404-06-15,Train,Tehran,Qom,Joopar,2143,750,1547943,1160957250,2138,795,44
1404-06-15,Bus,Mashhad,Isfahan,Seir-o-Safar,1712,599,2356707,1411667493,1514,635,35
1404-06-15,Bus,Mashhad,Isfahan,Iran Peyma,1914,670,2400897,1608600990,1718,710,39
1404-06-15,Bus,Mashhad,Isfahan,Royal Safar,1985,764,2445087,1868046468,2083,810,45
1404-06-15,Bus,Mashhad,Isfahan,Ham-o-Safar,1859,651,2489277,1620519327,1865,690,38
1404-06-15,Train,Mashhad,Isfahan,RAJA,2219,777,3287870,2554674990,1963,824,45
1404-06-15,Train,Mashhad,Isfahan,Fadak,2481,868,3349520,2907383360,2226,920,51
1404-06-15,Train,Mashhad,Isfahan,Noor,2573,901,3411170,3073464170,2457,955,53
1404-06-15,Train,Mashhad,Isfahan,Bon Rail,2410,844,3472820,2931060080,2417,895,49
1404-06-15,Train,Mashhad,Isfahan,Joopar,2143,750,3534470,2650852500,2138,795,44
1404-06-15,Bus,Mashhad,Shiraz,Seir-o-Safar,1712,599,2721493,1630174307,1514,635,35
1404-06-15,Bus,Mashhad,Shiraz,Iran Peyma,1914,670,2772523,1857590410,1718,710,39
1404-06-15,Bus,Mashhad,Shiraz,Royal Safar,1985,695,2823553,1962369335,1895,737,41
1404-06-15,Bus,Mashhad,Shiraz,Ham-o-Safar,1859,651,2874583,1871353533,1865,690,38
1404-06-15,Train,Mashhad,Shiraz,RAJA,2219,777,3767852,2927621004,1963,824,45
1404-06-15,Train,Mashhad,Shiraz,Fadak,2481,868,3838502,3331819736,2226,920,51
1404-06-15,Train,Mashhad,Shiraz,Noor,2573,901,3909152,3522145952,2457,955,53
1404-06-15,Train,Mashhad,Shiraz,Bon Rail,2410,844,3979802,3358952888,2417,895,49
1404-06-15,Train,Mashhad,Shiraz,Joopar,2143,750,4050452,3037839000,2138,795,44
1404-06-15,Bus,Mashhad,Ahvaz,Seir-o-Safar,1712,599,2812689,1684800711,1514,635,35
1404-06-15,Bus,Mashhad,Ahvaz,Iran Peyma,1914,670,2865429,1919837430,1718,710,39
1404-06-15,Bus,Mashhad,Ahvaz,Royal Safar,1985,695,2918169,2028127455,1895,737,41
1404-06-15,Bus,Mashhad,Ahvaz,Ham-o-Safar,1859,651,2970909,1934061759,1865,690,38
1404-06-15,Train,Mashhad,Ahvaz,RAJA,2219,777,3887847,3020857119,1963,824,45
1404-06-15,Train,Mashhad,Ahvaz,Fadak,2481,868,3960747,3437928396,2226,920,51
1404-06-15,Train,Mashhad,Ahvaz,Noor,2573,901,4033647,3634315947,2457,955,53
1404-06-15,Train,Mashhad,Ahvaz,Bon Rail,2410,844,4106547,3465925668,2417,895,49
1404-06-15,Train,Mashhad,Ahvaz,Joopar,2143,750,4179447,3134585250,2138,795,44
1404-06-15,Bus,Isfahan,Shiraz,Seir-o-Safar,1712,690,1317068,908776920,1744,731,40
1404-06-15,Bus,Isfahan,Shiraz,Iran Peyma,1914,736,1341764,987538304,1888,780,43
1404-06-15,Bus,Isfahan,Shiraz,Royal Safar,1985,826,1366460,1128695960,2252,876,48
1404-06-15,Bus,Isfahan,Shiraz,Ham-o-Safar,1859,819,1391156,1139356764,2346,868,48
1404-06-15,Train,Isfahan,Shiraz,RAJA,2219,777,1919924,1491780948,1963,824,45
1404-06-15,Train,Isfahan,Shiraz,Fadak,2481,868,1955924,1697742032,2226,920,51
1404-06-15,Train,Isfahan,Shiraz,Noor,2573,901,1991924,1794723524,2457,955,53
1404-06-15,Train,Isfahan,Shiraz,Bon Rail,2410,844,2027924,1711567856,2417,895,49
1404-06-15,Train,Isfahan,Shiraz,Joopar,2143,750,2063924,1547943000,2138,795,44
1404-07-15,Bus,Tehran,Mashhad,Seir-o-Safar,1914,1153,2242715,2585850395,2957,1222,67
1404-07-15,Bus,Tehran,Mashhad,Iran Peyma,1985,1471,2285195,3361521845,4011,1559,86
1404-07-15,Bus,Tehran,Mashhad,Royal Safar,1859,1274,2327675,2965457950,3649,1350,74
1404-07-15,Bus,Tehran,Mashhad,Ham-o-Safar,1653,1264,2370155,2995875920,3603,1340,74
1404-07-15,Train,Tehran,Mashhad,RAJA,2481,868,3136000,2722048000,2226,920,51
1404-07-15,Train,Tehran,Mashhad,Fadak,2573,901,3195400,2879055400,2457,955,53
1404-07-15,Train,Tehran,Mashhad,Noor,2410,844,3254800,2747051200,2417,895,49
1404-07-15,Train,Tehran,Mashhad,Bon Rail,2143,750,3314200,2485650000,2138,795,44
1404-07-15,Train,Tehran,Mashhad,Joopar,2016,706,3373600,2381761600,1905,748,41
1404-07-15,Train,Tehran,Mashhad,Rail Seir Kosar,2147,751,3433000,2578183000,1913,796,44
1404-07-15,Bus,Tehran,Shiraz,Seir-o-Safar,1914,1054,1881600,1983206400,2703,1117,61
1404-07-15,Bus,Tehran,Shiraz,Iran Peyma,1985,1253,1917240,2402301720,3417,1328,73
1404-07-15,Bus,Tehran,Shiraz,Royal Safar,1859,1058,1952880,2066147040,3030,1121,62
1404-07-15,Bus,Tehran,Shiraz,Ham-o-Safar,1653,1170,1988520,2326568400,3335,1240,68
1404-07-15,Train,Tehran,Shiraz,RAJA,2481,868,2660848,2309616064,2226,920,51
1404-07-15,Train,Tehran,Shiraz,Fadak,2573,901,2711248,2442834448,2457,955,53
1404-07-15,Train,Tehran,Shiraz,Noor,2410,844,2761648,2330830912,2417,895,49
1404-07-15,Train,Tehran,Shiraz,Bon Rail,2143,750,2812048,2109036000,2138,795,44
1404-07-15,Train,Tehran,Shiraz,Joopar,2016,706,2862448,2020888288,1905,748,41
1404-07-15,Bus,Tehran,Isfahan,Seir-o-Safar,1914,1012,1430206,1447368472,2596,1073,59
1404-07-15,Bus,Tehran,Isfahan,Iran Peyma,1985,1085,1457296,1581166160,2959,1150,63
1404-07-15,Bus,Tehran,Isfahan,Royal Safar,1859,1128,1484386,1674387408,3231,1196,66
1404-07-15,Bus,Tehran,Isfahan,Ham-o-Safar,1653,927,1511476,1401138252,2643,983,54
1404-07-15,Train,Tehran,Isfahan,RAJA,2481,868,2066909,1794077012,2226,920,51
1404-07-15,Train,Tehran,Isfahan,Fadak,2573,901,2106059,1897559159,2457,955,53
1404-07-15,Train,Tehran,Isfahan,Noor,2410,844,2145209,1810556396,2417,895,49
1404-07-15,Train,Tehran,Isfahan,Bon Rail,2143,750,2184359,1638269250,2138,795,44
1404-07-15,Train,Tehran,Isfahan,Joopar,2016,706,2223509,1569797354,1905,748,41
1404-07-15,Bus,Tehran,Tabriz,Seir-o-Safar,1914,1019,1791321,1825356099,2614,1080,59
1404-07-15,Bus,Tehran,Tabriz,Iran Peyma,1985,1021,1825251,1863581271,2784,1082,60
1404-07-15,Bus,Tehran,Tabriz,Royal Safar,1859,1020,1859181,1896364620,2922,1081,59
1404-07-15,Bus,Tehran,Tabriz,Ham-o-Safar,1653,974,1893111,1843890114,2776,1032,57
1404-07-15,Train,Tehran,Tabriz,RAJA,2481,868,2542060,2206508080,2226,920,51
1404-07-15,Train,Tehran,Tabriz,Fadak,2573,901,2590210,2333779210,2457,955,53
1404-07-15,Train,Tehran,Tabriz,Noor,2410,844,2638360,2226775840,2417,895,49
1404-07-15,Train,Tehran,Tabriz,Bon Rail,2143,750,2686510,2014882500,2138,795,44
1404-07-15,Train,Tehran,Tabriz,Joopar,2016,706,2734660,1930669960,1905,748,41
1404-07-15,Bus,Tehran,Rasht,Seir-o-Safar,1914,837,1213537,1015730469,2147,887,49
1404-07-15,Bus,Tehran,Rasht,Iran Peyma,1985,1056,1236523,1305768288,2880,1119,62
1404-07-15,Bus,Tehran,Rasht,Royal Safar,1859,927,1259509,1167564843,2655,983,54
1404-07-15,Bus,Tehran,Rasht,Ham-o-Safar,1653,906,1282495,1161940470,2583,960,53
1404-07-15,Train,Tehran,Rasht,RAJA,2481,868,1781818,1546618024,2226,920,51
1404-07-15,Train,Tehran,Rasht,Fadak,2573,901,1815568,1635826768,2457,955,53
1404-07-15,Train,Tehran,Rasht,Noor,2410,844,1849318,1560824392,2417,895,49
1404-07-15,Train,Tehran,Rasht,Bon Rail,2143,750,1883068,1412301000,2138,795,44
1404-07-15,Train,Tehran,Rasht,Joopar,2016,706,1916818,1353273508,1905,748,41
1404-07-15,Bus,Tehran,Ahvaz,Seir-o-Safar,1914,935,2098269,1961881515,2398,991,55
1404-07-15,Bus,Tehran,Ahvaz,Iran Peyma,1985,827,2138013,1768136751,2255,877,48
1404-07-15,Bus,Tehran,Ahvaz,Royal Safar,1859,962,2177757,2095002234,2755,1020,56
1404-07-15,Bus,Tehran,Ahvaz,Ham-o-Safar,1653,779,2217501,1727433279,2221,826,45
1404-07-15,Train,Tehran,Ahvaz,RAJA,2481,868,2945939,2557075052,2226,920,51
1404-07-15,Train,Tehran,Ahvaz,Fadak,2573,901,3001739,2704566839,2457,955,53
1404-07-15,Train,Tehran,Ahvaz,Noor,2410,844,3057539,2580562916,2417,895,49
1404-07-15,Train,Tehran,Ahvaz,Bon Rail,2143,750,3113339,2335004250,2138,795,44
1404-07-15,Train,Tehran,Ahvaz,Joopar,2016,706,3169139,2237412134,1905,748,41
1404-07-15,Bus,Tehran,Kerman,Seir-o-Safar,1914,670,2423273,1623592910,1718,710,39
1404-07-15,Bus,Tehran,Kerman,Iran Peyma,1985,846,2469173,2088920358,2307,897,49
1404-07-15,Bus,Tehran,Kerman,Royal Safar,1859,667,2515073,1677553691,1911,707,39
1404-07-15,Bus,Tehran,Kerman,Ham-o-Safar,1653,749,2560973,1918168777,2135,794,44
1404-07-15,Train,Tehran,Kerman,RAJA,2481,868,3373576,2928263968,2226,920,51
1404-07-15,Train,Tehran,Kerman,Fadak,2573,901,3437476,3097165876,2457,955,53
1404-07-15,Train,Tehran,Kerman,Noor,2410,844,3501376,2955161344,2417,895,49
1404-07-15,Train,Tehran,Kerman,Bon Rail,2143,750,3565276,2673957000,2138,795,44
1404-07-15,Train,Tehran,Kerman,Joopar,2016,706,3629176,2562198256,1905,748,41
1404-07-15,Bus,Tehran,Qom,Seir-o-Safar,1914,1251,942701,1179318951,3209,1326,73
1404-07-15,Bus,Tehran,Qom,Iran Peyma,1985,1108,960557,1064297156,3021,1174,65
1404-07-15,Bus,Tehran,Qom,Royal Safar,1859,1341,978413,1312051833,3841,1421,78
1404-07-15,Bus,Tehran,Qom,Ham-o-Safar,1653,997,996269,993280193,2842,1057,58
1404-07-15,Train,Tehran,Qom,RAJA,2481,868,1425454,1237294072,2226,920,51
1404-07-15,Train,Tehran,Qom,Fadak,2573,901,1452454,1308661054,2457,955,53
1404-07-15,Train,Tehran,Qom,Noor,2410,844,1479454,1248659176,2417,895,49
1404-07-15,Train,Tehran,Qom,Bon Rail,2143,750,1506454,1129840500,2138,795,44
1404-07-15,Train,Tehran,Qom,Joopar,2016,706,1533454,1082618524,1905,748,41
1404-07-15,Bus,Mashhad,Isfahan,Seir-o-Safar,1914,670,2332994,1563105980,1718,710,39
1404-07-15,Bus,Mashhad,Isfahan,Iran Peyma,1985,785,2377184,1866089440,2141,832,46
1404-07-15,Bus,Mashhad,Isfahan,Royal Safar,1859,651,2421374,1576314474,1865,690,38
1404-07-15,Bus,Mashhad,Isfahan,Ham-o-Safar,1653,724,2465564,1785068336,2064,767,42
1404-07-15,Train,Mashhad,Isfahan,RAJA,2481,868,3254788,2825155984,2226,920,51
1404-07-15,Train,Mashhad,Isfahan,Fadak,2573,901,3316438,2988110638,2457,955,53
1404-07-15,Train,Mashhad,Isfahan,Noor,2410,844,3378088,2851106272,2417,895,49
1404-07-15,Train,Mashhad,Isfahan,Bon Rail,2143,750,3439738,2579803500,2138,795,44
1404-07-15,Train,Mashhad,Isfahan,Joopar,2016,706,3501388,2471979928,1905,748,41
1404-07-15,Bus,Mashhad,Shiraz,Seir-o-Safar,1914,670,2694109,1805053030,1718,710,39
1404-07-15,Bus,Mashhad,Shiraz,Iran Peyma,1985,695,2745139,1907871605,1895,737,41
1404-07-15,Bus,Mashhad,Shiraz,Royal Safar,1859,651,2796169,1820306019,1865,690,38
1404-07-15,Bus,Mashhad,Shiraz,Ham-o-Safar,1653,579,2847199,1648528221,1650,614,34
1404-07-15,Train,Mashhad,Shiraz,RAJA,2481,868,3729939,3237587052,2226,920,51
1404-07-15,Train,Mashhad,Shiraz,Fadak,2573,901,3800589,3424330689,2457,955,53
1404-07-15,Train,Mashhad,Shiraz,Noor,2410,844,3871239,3267325716,2417,895,49
1404-07-15,Train,Mashhad,Shiraz,Bon Rail,2143,750,3941889,2956416750,2138,795,44
1404-07-15,Train,Mashhad,Shiraz,Joopar,2016,706,4012539,2832852534,1905,748,41
1404-07-15,Bus,Mashhad,Ahvaz,Seir-o-Safar,1914,670,2784388,1865539960,1718,710,39
1404-07-15,Bus,Mashhad,Ahvaz,Iran Peyma,1985,695,2837128,1971803960,1895,737,41
1404-07-15,Bus,Mashhad,Ahvaz,Royal Safar,1859,651,2889868,1881304068,1865,690,38
1404-07-15,Bus,Mashhad,Ahvaz,Ham-o-Safar,1653,579,2942608,1703770032,1650,614,34
1404-07-15,Train,Mashhad,Ahvaz,RAJA,2481,868,3848727,3340695036,2226,920,51
1404-07-15,Train,Mashhad,Ahvaz,Fadak,2573,901,3921627,3533385927,2457,955,53
1404-07-15,Train,Mashhad,Ahvaz,Noor,2410,844,3994527,3371380788,2417,895,49
1404-07-15,Train,Mashhad,Ahvaz,Bon Rail,2143,750,4067427,3050570250,2138,795,44
1404-07-15,Train,Mashhad,Ahvaz,Joopar,2016,706,4140327,2923070862,1905,748,41
1404-07-15,Bus,Isfahan,Shiraz,Seir-o-Safar,1914,742,1303816,967431472,1903,787,43
1404-07-15,Bus,Isfahan,Shiraz,Iran Peyma,1985,891,1328512,1183704192,2430,944,52
1404-07-15,Bus,Isfahan,Shiraz,Royal Safar,1859,827,1353208,1119103016,2369,877,48
1404-07-15,Bus,Isfahan,Shiraz,Ham-o-Safar,1653,760,1377904,1047207040,2166,806,44
1404-07-15,Train,Isfahan,Shiraz,RAJA,2481,868,1900606,1649726008,2226,920,51
1404-07-15,Train,Isfahan,Shiraz,Fadak,2573,901,1936606,1744882006,2457,955,53
1404-07-15,Train,Isfahan,Shiraz,Noor,2410,844,1972606,1664879464,2417,895,49
1404-07-15,Train,Isfahan,Shiraz,Bon Rail,2143,750,2008606,1506454500,2138,795,44
1404-07-15,Train,Isfahan,Shiraz,Joopar,2016,706,2044606,1443491836,1905,748,41
1404-08-15,Bus,Tehran,Mashhad,Seir-o-Safar,1985,1554,2213966,3440503164,4238,1647,91
1404-08-15,Bus,Tehran,Mashhad,Iran Peyma,1859,1282,2256446,2892763772,3672,1359,75
1404-08-15,Bus,Tehran,Mashhad,Royal Safar,1653,1354,2298926,3112745804,3860,1435,79
1404-08-15,Bus,Tehran,Mashhad,Ham-o-Safar,1555,1223,2341406,2863539538,3300,1296,71
1404-08-15,Train,Tehran,Mashhad,RAJA,2573,901,3095800,2789315800,2457,955,53
1404-08-15,Train,Tehran,Mashhad,Fadak,2410,844,3155200,2662988800,2417,895,49
1404-08-15,Train,Tehran,Mashhad,Noor,2143,750,3214600,2410950000,2138,795,44
1404-08-15,Train,Tehran,Mashhad,Bon Rail,2016,706,3274000,2311444000,1905,748,41
1404-08-15,Train,Tehran,Mashhad,Joopar,2147,751,3333400,2503383400,1913,796,44
1404-08-15,Train,Tehran,Mashhad,Rail Seir Kosar,2415,845,3392800,2866916000,2144,896,49
1404-08-15,Bus,Tehran,Shiraz,Seir-o-Safar,1985,1258,1857480,2336709840,3431,1333,73
1404-08-15,Bus,Tehran,Shiraz,Iran Peyma,1859,1129,1893120,2137332480,3234,1197,66
1404-08-15,Bus,Tehran,Shiraz,Royal Safar,1653,1193,1928760,2301010680,3401,1265,70
1404-08-15,Bus,Tehran,Shiraz,Ham-o-Safar,1555,980,1964400,1925112000,2644,1039,57
1404-08-15,Train,Tehran,Shiraz,RAJA,2573,901,2626739,2366691839,2457,955,53
1404-08-15,Train,Tehran,Shiraz,Fadak,2410,844,2677139,2259505316,2417,895,49
1404-08-15,Train,Tehran,Shiraz,Noor,2143,750,2727539,2045654250,2138,795,44
1404-08-15,Train,Tehran,Shiraz,Bon Rail,2016,706,2777939,1961224934,1905,748,41
1404-08-15,Train,Tehran,Shiraz,Joopar,2147,751,2828339,2124082589,1913,796,44
1404-08-15,Bus,Tehran,Isfahan,Seir-o-Safar,1985,1162,1411872,1640595264,3169,1232,68
1404-08-15,Bus,Tehran,Isfahan,Iran Peyma,1859,1132,1438962,1628904984,3242,1200,66
1404-08-15,Bus,Tehran,Isfahan,Royal Safar,1653,994,1466052,1457255688,2833,1054,58
1404-08-15,Bus,Tehran,Isfahan,Ham-o-Safar,1555,1079,1493142,1611100218,2912,1144,63
1404-08-15,Train,Tehran,Isfahan,RAJA,2573,901,2040414,1838413014,2457,955,53
1404-08-15,Train,Tehran,Isfahan,Fadak,2410,844,2079564,1755152016,2417,895,49
1404-08-15,Train,Tehran,Isfahan,Noor,2143,750,2118714,1589035500,2138,795,44
1404-08-15,Train,Tehran,Isfahan,Bon Rail,2016,706,2157864,1523451984,1905,748,41
1404-08-15,Train,Tehran,Isfahan,Joopar,2147,751,2197014,1649957514,1913,796,44
1404-08-15,Bus,Tehran,Tabriz,Seir-o-Safar,1985,1022,1768359,1807262898,2787,1083,60
1404-08-15,Bus,Tehran,Tabriz,Iran Peyma,1859,1094,1802289,1971704166,3134,1160,64
1404-08-15,Bus,Tehran,Tabriz,Royal Safar,1653,978,1836219,1795822182,2788,1037,57
1404-08-15,Bus,Tehran,Tabriz,Ham-o-Safar,1555,937,1870149,1752329613,2528,993,55
1404-08-15,Train,Tehran,Tabriz,RAJA,2573,901,2509474,2261036074,2457,955,53
1404-08-15,Train,Tehran,Tabriz,Fadak,2410,844,2557624,2158634656,2417,895,49
1404-08-15,Train,Tehran,Tabriz,Noor,2143,750,2605774,1954330500,2138,795,44
1404-08-15,Train,Tehran,Tabriz,Bon Rail,2016,706,2653924,1873670344,1905,748,41
1404-08-15,Train,Tehran,Tabriz,Joopar,2147,751,2702074,2029257574,1913,796,44
1404-08-15,Bus,Tehran,Rasht,Seir-o-Safar,1985,1118,1197981,1339342758,3049,1185,65
1404-08-15,Bus,Tehran,Rasht,Iran Peyma,1859,931,1220967,1136720277,2667,987,54
1404-08-15,Bus,Tehran,Rasht,Royal Safar,1653,972,1243953,1209122316,2771,1030,57
1404-08-15,Bus,Tehran,Rasht,Ham-o-Safar,1555,890,1266939,1127575710,2402,943,52
1404-08-15,Train,Tehran,Rasht,RAJA,2573,901,1758977,1584838277,2457,955,53
1404-08-15,Train,Tehran,Rasht,Fadak,2410,844,1792727,1513061588,2417,895,49
1404-08-15,Train,Tehran,Rasht,Noor,2143,750,1826477,1369857750,2138,795,44
1404-08-15,Train,Tehran,Rasht,Bon Rail,2016,706,1860227,1313320262,1905,748,41
1404-08-15,Train,Tehran,Rasht,Joopar,2147,751,1893977,1422376727,1913,796,44
1404-08-15,Bus,Tehran,Ahvaz,Seir-o-Safar,1985,845,2071372,1750309340,2304,896,49
1404-08-15,Bus,Tehran,Ahvaz,Iran Peyma,1859,1016,2111116,2144893856,2910,1077,59
1404-08-15,Bus,Tehran,Ahvaz,Royal Safar,1653,786,2150860,1690575960,2241,833,46
1404-08-15,Bus,Tehran,Ahvaz,Ham-o-Safar,1555,890,2190604,1949637560,2402,943,52
1404-08-15,Train,Tehran,Ahvaz,RAJA,2573,901,2908176,2620266576,2457,955,53
1404-08-15,Train,Tehran,Ahvaz,Fadak,2410,844,2963976,2501595744,2417,895,49
1404-08-15,Train,Tehran,Ahvaz,Noor,2143,750,3019776,2264832000,2138,795,44
1404-08-15,Train,Tehran,Ahvaz,Bon Rail,2016,706,3075576,2171356656,1905,748,41
1404-08-15,Train,Tehran,Ahvaz,Joopar,2147,751,3131376,2351663376,1913,796,44
1404-08-15,Bus,Tehran,Kerman,Seir-o-Safar,1985,874,2392209,2090790666,2383,926,51
1404-08-15,Bus,Tehran,Kerman,Iran Peyma,1859,686,2438109,1672542774,1965,727,40
1404-08-15,Bus,Tehran,Kerman,Royal Safar,1653,789,2484009,1959883101,2249,836,46
1404-08-15,Bus,Tehran,Kerman,Ham-o-Safar,1555,634,2529909,1603962306,1711,672,37
1404-08-15,Train,Tehran,Kerman,RAJA,2573,901,3330330,3000627330,2457,955,53
1404-08-15,Train,Tehran,Kerman,Fadak,2410,844,3394230,2864730120,2417,895,49
1404-08-15,Train,Tehran,Kerman,Noor,2143,750,3458130,2593597500,2138,795,44
1404-08-15,Train,Tehran,Kerman,Bon Rail,2016,706,3522030,2486553180,1905,748,41
1404-08-15,Train,Tehran,Kerman,Joopar,2147,751,3585930,2693033430,1913,796,44
1404-08-15,Bus,Tehran,Qom,Seir-o-Safar,1985,1166,930616,1085098256,3180,1236,68
1404-08-15,Bus,Tehran,Qom,Iran Peyma,1859,1382,948472,1310788304,3959,1465,81
1404-08-15,Bus,Tehran,Qom,Royal Safar,1653,1033,966328,998216824,2945,1095,60
1404-08-15,Bus,Tehran,Qom,Ham-o-Safar,1555,1258,984184,1238103472,3395,1333,73
1404-08-15,Train,Tehran,Qom,RAJA,2573,901,1407182,1267870982,2457,955,53
1404-08-15,Train,Tehran,Qom,Fadak,2410,844,1434182,1210449608,2417,895,49
1404-08-15,Train,Tehran,Qom,Noor,2143,750,1461182,1095886500,2138,795,44
1404-08-15,Train,Tehran,Qom,Bon Rail,2016,706,1488182,1050656492,1905,748,41
1404-08-15,Train,Tehran,Qom,Joopar,2147,751,1515182,1137901682,1913,796,44
1404-08-15,Bus,Mashhad,Isfahan,Seir-o-Safar,1985,793,2303088,1826348784,2162,841,46
1404-08-15,Bus,Mashhad,Isfahan,Iran Peyma,1859,674,2347278,1582065372,1931,714,39
1404-08-15,Bus,Mashhad,Isfahan,Royal Safar,1653,744,2391468,1779252192,2121,789,43
1404-08-15,Bus,Mashhad,Isfahan,Ham-o-Safar,1555,593,2435658,1444345194,1600,629,35
1404-08-15,Train,Mashhad,Isfahan,RAJA,2573,901,3213065,2894971565,2457,955,53
1404-08-15,Train,Mashhad,Isfahan,Fadak,2410,844,3274715,2763859460,2417,895,49
1404-08-15,Train,Mashhad,Isfahan,Noor,2143,750,3336365,2502273750,2138,795,44
1404-08-15,Train,Mashhad,Isfahan,Bon Rail,2016,706,3398015,2398998590,1905,748,41
1404-08-15,Train,Mashhad,Isfahan,Joopar,2147,751,3459665,2598208415,1913,796,44
1404-08-15,Bus,Mashhad,Shiraz,Seir-o-Safar,1985,695,2659574,1848403930,1895,737,41
1404-08-15,Bus,Mashhad,Shiraz,Iran Peyma,1859,651,2710604,1764603204,1865,690,38
1404-08-15,Bus,Mashhad,Shiraz,Royal Safar,1653,579,2761634,1598986086,1650,614,34
1404-08-15,Bus,Mashhad,Shiraz,Ham-o-Safar,1555,608,2812664,1710099712,1641,644,35
1404-08-15,Train,Mashhad,Shiraz,RAJA,2573,901,3682126,3317595526,2457,955,53
1404-08-15,Train,Mashhad,Shiraz,Fadak,2410,844,3752776,3167342944,2417,895,49
1404-08-15,Train,Mashhad,Shiraz,Noor,2143,750,3823426,2867569500,2138,795,44
1404-08-15,Train,Mashhad,Shiraz,Bon Rail,2016,706,3894076,2749217656,1905,748,41
1404-08-15,Train,Mashhad,Shiraz,Joopar,2147,751,3964726,2977509226,1913,796,44
1404-08-15,Bus,Mashhad,Ahvaz,Seir-o-Safar,1985,695,2748695,1910343025,1895,737,41
1404-08-15,Bus,Mashhad,Ahvaz,Iran Peyma,1859,651,2801435,1823734185,1865,690,38
1404-08-15,Bus,Mashhad,Ahvaz,Royal Safar,1653,579,2854175,1652567325,1650,614,34
1404-08-15,Bus,Mashhad,Ahvaz,Ham-o-Safar,1555,544,2906915,1581361760,1468,577,32
1404-08-15,Train,Mashhad,Ahvaz,RAJA,2573,901,3799391,3423251291,2457,955,53
1404-08-15,Train,Mashhad,Ahvaz,Fadak,2410,844,3872291,3268213604,2417,895,49
1404-08-15,Train,Mashhad,Ahvaz,Noor,2143,750,3945191,2958893250,2138,795,44
1404-08-15,Train,Mashhad,Ahvaz,Bon Rail,2016,706,4018091,2836772246,1905,748,41
1404-08-15,Train,Mashhad,Ahvaz,Joopar,2147,751,4090991,3072334241,1913,796,44
1404-08-15,Bus,Isfahan,Shiraz,Seir-o-Safar,1985,948,1287102,1220172696,2585,1005,55
1404-08-15,Bus,Isfahan,Shiraz,Iran Peyma,1859,829,1311798,1087480542,2375,879,48
1404-08-15,Bus,Isfahan,Shiraz,Royal Safar,1653,817,1336494,1091915598,2329,866,48
1404-08-15,Bus,Isfahan,Shiraz,Ham-o-Safar,1555,795,1361190,1082146050,2145,843,46
1404-08-15,Train,Isfahan,Shiraz,RAJA,2573,901,1876242,1690494042,2457,955,53
1404-08-15,Train,Isfahan,Shiraz,Fadak,2410,844,1912242,1613932248,2417,895,49
1404-08-15,Train,Isfahan,Shiraz,Noor,2143,750,1948242,1461181500,2138,795,44
1404-08-15,Train,Isfahan,Shiraz,Bon Rail,2016,706,1984242,1400874852,1905,748,41
1404-08-15,Train,Isfahan,Shiraz,Joopar,2147,751,2020242,1517201742,1913,796,44
1404-09-15,Bus,Tehran,Mashhad,Seir-o-Safar,1859,1090,2186303,2383070270,3122,1155,64
1404-09-15,Bus,Tehran,Mashhad,Iran Peyma,1653,1210,2228783,2696827430,3449,1283,71
1404-09-15,Bus,Tehran,Mashhad,Royal Safar,1555,1033,2271263,2346214679,2787,1095,60
1404-09-15,Bus,Tehran,Mashhad,Ham-o-Safar,1656,1255,2313743,2903747465,3197,1330,73
1404-09-15,Train,Tehran,Mashhad,RAJA,2410,844,3057118,2580207592,2417,895,49
1404-09-15,Train,Tehran,Mashhad,Fadak,2143,750,3116518,2337388500,2138,795,44
1404-09-15,Train,Tehran,Mashhad,Noor,2016,706,3175918,2242198108,1905,748,41
1404-09-15,Train,Tehran,Mashhad,Bon Rail,2147,751,3235318,2429723818,1913,796,44
1404-09-15,Train,Tehran,Mashhad,Joopar,2415,845,3294718,2784036710,2144,896,49
1404-09-15,Train,Tehran,Mashhad,Rail Seir Kosar,2574,901,3354118,3022060318,2411,955,53
1404-09-15,Bus,Tehran,Shiraz,Seir-o-Safar,1859,1015,1834271,1861785065,2907,1076,59
1404-09-15,Bus,Tehran,Shiraz,Iran Peyma,1653,1012,1869911,1892349932,2885,1073,59
1404-09-15,Bus,Tehran,Shiraz,Royal Safar,1555,876,1905551,1669262676,2364,929,51
1404-09-15,Bus,Tehran,Shiraz,Ham-o-Safar,1656,1143,1941191,2218781313,2912,1212,67
1404-09-15,Train,Tehran,Shiraz,RAJA,2410,844,2593919,2189267636,2417,895,49
1404-09-15,Train,Tehran,Shiraz,Fadak,2143,750,2644319,1983239250,2138,795,44
1404-09-15,Train,Tehran,Shiraz,Noor,2016,706,2694719,1902471614,1905,748,41
1404-09-15,Train,Tehran,Shiraz,Bon Rail,2147,751,2745119,2061584369,1913,796,44
1404-09-15,Train,Tehran,Shiraz,Joopar,2415,845,2795519,2362213555,2144,896,49
1404-09-15,Bus,Tehran,Isfahan,Seir-o-Safar,1859,951,1394231,1325913681,2724,1008,55
1404-09-15,Bus,Tehran,Isfahan,Iran Peyma,1653,896,1421321,1273503616,2554,950,52
1404-09-15,Bus,Tehran,Isfahan,Royal Safar,1555,915,1448411,1325296065,2469,970,53
1404-09-15,Bus,Tehran,Isfahan,Ham-o-Safar,1656,920,1475501,1357460920,2344,975,54
1404-09-15,Train,Tehran,Isfahan,RAJA,2410,844,2014919,1700591636,2417,895,49
1404-09-15,Train,Tehran,Isfahan,Fadak,2143,750,2054069,1540551750,2138,795,44
1404-09-15,Train,Tehran,Isfahan,Noor,2016,706,2093219,1477812614,1905,748,41
1404-09-15,Train,Tehran,Isfahan,Bon Rail,2147,751,2132369,1601409119,1913,796,44
1404-09-15,Train,Tehran,Isfahan,Joopar,2415,845,2171519,1834933555,2144,896,49
1404-09-15,Bus,Tehran,Tabriz,Seir-o-Safar,1859,979,1746263,1709591477,2804,1038,57
1404-09-15,Bus,Tehran,Tabriz,Iran Peyma,1653,824,1780193,1466879032,2349,873,48
1404-09-15,Bus,Tehran,Tabriz,Royal Safar,1555,846,1814123,1534748058,2283,897,49
1404-09-15,Bus,Tehran,Tabriz,Ham-o-Safar,1656,946,1848053,1748258138,2410,1003,55
1404-09-15,Train,Tehran,Tabriz,RAJA,2410,844,2478119,2091532436,2417,895,49
1404-09-15,Train,Tehran,Tabriz,Fadak,2143,750,2526269,1894701750,2138,795,44
1404-09-15,Train,Tehran,Tabriz,Noor,2016,706,2574419,1817539814,1905,748,41
1404-09-15,Train,Tehran,Tabriz,Bon Rail,2147,751,2622569,1969549319,1913,796,44
1404-09-15,Train,Tehran,Tabriz,Joopar,2415,845,2670719,2256757555,2144,896,49
1404-09-15,Bus,Tehran,Rasht,Seir-o-Safar,1859,790,1183012,934579480,2263,837,46
1404-09-15,Bus,Tehran,Rasht,Iran Peyma,1653,869,1205998,1048012262,2477,921,51
1404-09-15,Bus,Tehran,Rasht,Royal Safar,1555,751,1228984,922966984,2027,796,44
1404-09-15,Bus,Tehran,Rasht,Ham-o-Safar,1656,900,1251970,1126773000,2293,954,52
1404-09-15,Train,Tehran,Rasht,RAJA,2410,844,1736999,1466027156,2417,895,49
1404-09-15,Train,Tehran,Rasht,Fadak,2143,750,1770749,1328061750,2138,795,44
1404-09-15,Train,Tehran,Rasht,Noor,2016,706,1804499,1273976294,1905,748,41
1404-09-15,Train,Tehran,Rasht,Bon Rail,2147,751,1838249,1380524999,1913,796,44
1404-09-15,Train,Tehran,Rasht,Joopar,2415,845,1871999,1581839155,2144,896,49
1404-09-15,Bus,Tehran,Ahvaz,Seir-o-Safar,1859,892,2045490,1824577080,2555,946,52
1404-09-15,Bus,Tehran,Ahvaz,Iran Peyma,1653,671,2085234,1399192014,1913,711,39
1404-09-15,Bus,Tehran,Ahvaz,Royal Safar,1555,795,2124978,1689357510,2145,843,46
1404-09-15,Bus,Tehran,Ahvaz,Ham-o-Safar,1656,757,2164722,1638694554,1929,802,44
1404-09-15,Train,Tehran,Ahvaz,RAJA,2410,844,2871838,2423831272,2417,895,49
1404-09-15,Train,Tehran,Ahvaz,Fadak,2143,750,2927638,2195728500,2138,795,44
1404-09-15,Train,Tehran,Ahvaz,Noor,2016,706,2983438,2106307228,1905,748,41
1404-09-15,Train,Tehran,Ahvaz,Bon Rail,2147,751,3039238,2282467738,1913,796,44
1404-09-15,Train,Tehran,Ahvaz,Joopar,2415,845,3095038,2615307110,2144,896,49
1404-09-15,Bus,Tehran,Kerman,Seir-o-Safar,1859,651,2362319,1537869669,1865,690,38
1404-09-15,Bus,Tehran,Kerman,Iran Peyma,1653,690,2408219,1661671110,1967,731,40
1404-09-15,Bus,Tehran,Kerman,Royal Safar,1555,545,2454119,1337494855,1471,578,32
1404-09-15,Bus,Tehran,Kerman,Ham-o-Safar,1656,740,2500019,1850014060,1885,784,43
1404-09-15,Train,Tehran,Kerman,RAJA,2410,844,3288718,2775677992,2417,895,49
1404-09-15,Train,Tehran,Kerman,Fadak,2143,750,3352618,2514463500,2138,795,44
1404-09-15,Train,Tehran,Kerman,Noor,2016,706,3416518,2412061708,1905,748,41
1404-09-15,Train,Tehran,Kerman,Bon Rail,2147,751,3480418,2613793918,1913,796,44
1404-09-15,Train,Tehran,Kerman,Joopar,2415,845,3544318,2994948710,2144,896,49
1404-09-15,Bus,Tehran,Qom,Seir-o-Safar,1859,1184,918988,1088081792,3391,1255,69
1404-09-15,Bus,Tehran,Qom,Iran Peyma,1653,909,936844,851591196,2591,964,53
1404-09-15,Bus,Tehran,Qom,Royal Safar,1555,1098,954700,1048260600,2963,1164,64
1404-09-15,Bus,Tehran,Qom,Ham-o-Safar,1656,977,972556,950187212,2489,1036,57
1404-09-15,Train,Tehran,Qom,RAJA,2410,844,1389599,1172821556,2417,895,49
1404-09-15,Train,Tehran,Qom,Fadak,2143,750,1416599,1062449250,2138,795,44
1404-09-15,Train,Tehran,Qom,Noor,2016,706,1443599,1019180894,1905,748,41
1404-09-15,Train,Tehran,Qom,Bon Rail,2147,751,1470599,1104419849,1913,796,44
1404-09-15,Train,Tehran,Qom,Joopar,2415,845,1497599,1265471155,2144,896,49
1404-09-15,Bus,Mashhad,Isfahan,Seir-o-Safar,1859,651,2274311,1480576461,1865,690,38
1404-09-15,Bus,Mashhad,Isfahan,Iran Peyma,1653,636,2318501,1474566636,1813,674,37
1404-09-15,Bus,Mashhad,Isfahan,Royal Safar,1555,544,2362691,1285303904,1468,577,32
1404-09-15,Bus,Mashhad,Isfahan,Ham-o-Safar,1656,709,2406881,1706478629,1806,752,41
1404-09-15,Train,Mashhad,Isfahan,RAJA,2410,844,3172918,2677942792,2417,895,49
1404-09-15,Train,Mashhad,Isfahan,Fadak,2143,750,3234568,2425926000,2138,795,44
1404-09-15,Train,Mashhad,Isfahan,Noor,2016,706,3296218,2327129908,1905,748,41
1404-09-15,Train,Mashhad,Isfahan,Bon Rail,2147,751,3357868,2521758868,1913,796,44
1404-09-15,Train,Mashhad,Isfahan,Joopar,2415,845,3419518,2889492710,2144,896,49
1404-09-15,Bus,Mashhad,Shiraz,Seir-o-Safar,1859,651,2626343,1709749293,1865,690,38
1404-09-15,Bus,Mashhad,Shiraz,Iran Peyma,1653,579,2677373,1550198967,1650,614,34
1404-09-15,Bus,Mashhad,Shiraz,Royal Safar,1555,544,2728403,1484251232,1468,577,32
1404-09-15,Bus,Mashhad,Shiraz,Ham-o-Safar,1656,580,2779433,1612071140,1478,615,34
1404-09-15,Train,Mashhad,Shiraz,RAJA,2410,844,3636118,3068883592,2417,895,49
1404-09-15,Train,Mashhad,Shiraz,Fadak,2143,750,3706768,2780076000,2138,795,44
1404-09-15,Train,Mashhad,Shiraz,Noor,2016,706,3777418,2666857108,1905,748,41
1404-09-15,Train,Mashhad,Shiraz,Bon Rail,2147,751,3848068,2889899068,1913,796,44
1404-09-15,Train,Mashhad,Shiraz,Joopar,2415,845,3918718,3311316710,2144,896,49
1404-09-15,Bus,Mashhad,Ahvaz,Seir-o-Safar,1859,651,2714350,1767041850,1865,690,38
1404-09-15,Bus,Mashhad,Ahvaz,Iran Peyma,1653,579,2767090,1602145110,1650,614,34
1404-09-15,Bus,Mashhad,Ahvaz,Royal Safar,1555,544,2819830,1533987520,1468,577,32
1404-09-15,Bus,Mashhad,Ahvaz,Ham-o-Safar,1656,580,2872570,1666090600,1478,615,34
1404-09-15,Train,Mashhad,Ahvaz,RAJA,2410,844,3751918,3166618792,2417,895,49
1404-09-15,Train,Mashhad,Ahvaz,Fadak,2143,750,3824818,2868613500,2138,795,44
1404-09-15,Train,Mashhad,Ahvaz,Noor,2016,706,3897718,2751788908,1905,748,41
1404-09-15,Train,Mashhad,Ahvaz,Bon Rail,2147,751,3970618,2981934118,1913,796,44
1404-09-15,Train,Mashhad,Ahvaz,Joopar,2415,845,4043518,3416772710,2144,896,49
1404-09-15,Bus,Isfahan,Shiraz,Seir-o-Safar,1859,699,1271020,888442980,2002,741,41
1404-09-15,Bus,Isfahan,Shiraz,Iran Peyma,1653,734,1295716,951055544,2092,778,43
1404-09-15,Bus,Isfahan,Shiraz,Royal Safar,1555,670,1320412,884676040,1808,710,39
1404-09-15,Bus,Isfahan,Shiraz,Ham-o-Safar,1656,755,1345108,1015556540,1923,800,44
1404-09-15,Train,Isfahan,Shiraz,RAJA,2410,844,1852799,1563762356,2417,895,49
1404-09-15,Train,Isfahan,Shiraz,Fadak,2143,750,1888799,1416599250,2138,795,44
1404-09-15,Train,Isfahan,Shiraz,Noor,2016,706,1924799,1358908094,1905,748,41
1404-09-15,Train,Isfahan,Shiraz,Bon Rail,2147,751,1960799,1472560049,1913,796,44
1404-09-15,Train,Isfahan,Shiraz,Joopar,2415,845,1996799,1687295155,2144,896,49
1404-10-15,Bus,Tehran,Mashhad,Seir-o-Safar,1653,1156,2166498,2504471688,3295,1225,67
1404-10-15,Bus,Tehran,Mashhad,Iran Peyma,1555,945,2208978,2087484210,2550,1002,55
1404-10-15,Bus,Tehran,Mashhad,Royal Safar,1656,1217,2251458,2740024386,3101,1290,71
1404-10-15,Bus,Tehran,Mashhad,Ham-o-Safar,1863,1288,2293938,2954592144,3268,1365,75
1404-10-15,Train,Tehran,Mashhad,RAJA,2143,750,3029425,2272068750,2138,795,44
1404-10-15,Train,Tehran,Mashhad,Fadak,2016,706,3088825,2180710450,1905,748,41
1404-10-15,Train,Tehran,Mashhad,Noor,2147,751,3148225,2364316975,1913,796,44
1404-10-15,Train,Tehran,Mashhad,Bon Rail,2415,845,3207625,2710443125,2144,896,49
1404-10-15,Train,Tehran,Mashhad,Joopar,2574,901,3267025,2943589525,2411,955,53
1404-10-15,Train,Tehran,Mashhad,Rail Seir Kosar,2477,867,3326425,2884010475,2460,919,51
1404-10-15,Bus,Tehran,Shiraz,Seir-o-Safar,1653,921,1817655,1674060255,2625,976,54
1404-10-15,Bus,Tehran,Shiraz,Iran Peyma,1555,849,1853295,1573447455,2291,900,50
1404-10-15,Bus,Tehran,Shiraz,Royal Safar,1656,1053,1888935,1989048555,2683,1116,61
1404-10-15,Bus,Tehran,Shiraz,Ham-o-Safar,1863,1051,1924575,2022728325,2666,1114,61
1404-10-15,Train,Tehran,Shiraz,RAJA,2143,750,2570421,1927815750,2138,795,44
1404-10-15,Train,Tehran,Shiraz,Fadak,2016,706,2620821,1850299626,1905,748,41
1404-10-15,Train,Tehran,Shiraz,Noor,2147,751,2671221,2006086971,1913,796,44
1404-10-15,Train,Tehran,Shiraz,Bon Rail,2415,845,2721621,2299769745,2144,896,49
1404-10-15,Train,Tehran,Shiraz,Joopar,2574,901,2772021,2497590921,2411,955,53
1404-10-15,Bus,Tehran,Isfahan,Seir-o-Safar,1653,870,1381601,1201992870,2480,922,51
1404-10-15,Bus,Tehran,Isfahan,Iran Peyma,1555,832,1408691,1172030912,2245,882,49
1404-10-15,Bus,Tehran,Isfahan,Royal Safar,1656,895,1435781,1285023995,2280,949,52
1404-10-15,Bus,Tehran,Isfahan,Ham-o-Safar,1863,1138,1462871,1664747198,2887,1206,66
1404-10-15,Train,Tehran,Isfahan,RAJA,2143,750,1996667,1497500250,2138,795,44
1404-10-15,Train,Tehran,Isfahan,Fadak,2016,706,2035817,1437286802,1905,748,41
1404-10-15,Train,Tehran,Isfahan,Noor,2147,751,2074967,1558300217,1913,796,44
1404-10-15,Train,Tehran,Isfahan,Bon Rail,2415,845,2114117,1786428865,2144,896,49
1404-10-15,Train,Tehran,Isfahan,Joopar,2574,901,2153267,1940093567,2411,955,53
1404-10-15,Bus,Tehran,Tabriz,Seir-o-Safar,1653,749,1730444,1296102556,2135,794,44
1404-10-15,Bus,Tehran,Tabriz,Iran Peyma,1555,822,1764374,1450315428,2218,871,48
1404-10-15,Bus,Tehran,Tabriz,Royal Safar,1656,861,1798304,1548339744,2194,913,50
1404-10-15,Bus,Tehran,Tabriz,Ham-o-Safar,1863,1010,1832234,1850556340,2562,1071,59
1404-10-15,Train,Tehran,Tabriz,RAJA,2143,750,2455670,1841752500,2138,795,44
1404-10-15,Train,Tehran,Tabriz,Fadak,2016,706,2503820,1767696920,1905,748,41
1404-10-15,Train,Tehran,Tabriz,Noor,2147,751,2551970,1916529470,1913,796,44
1404-10-15,Train,Tehran,Tabriz,Bon Rail,2415,845,2600120,2197101400,2144,896,49
1404-10-15,Train,Tehran,Tabriz,Joopar,2574,901,2648270,2386091270,2411,955,53
1404-10-15,Bus,Tehran,Rasht,Seir-o-Safar,1653,832,1172296,975350272,2372,882,49
1404-10-15,Bus,Tehran,Rasht,Iran Peyma,1555,686,1195282,819963452,1851,727,40
1404-10-15,Bus,Tehran,Rasht,Royal Safar,1656,874,1218268,1064766232,2227,926,51
1404-10-15,Bus,Tehran,Rasht,Ham-o-Safar,1863,937,1241254,1163054998,2377,993,55
1404-10-15,Train,Tehran,Rasht,RAJA,2143,750,1721264,1290948000,2138,795,44
1404-10-15,Train,Tehran,Rasht,Fadak,2016,706,1755014,1239039884,1905,748,41
1404-10-15,Train,Tehran,Rasht,Noor,2147,751,1788764,1343361764,1913,796,44
1404-10-15,Train,Tehran,Rasht,Bon Rail,2415,845,1822514,1540024330,2144,896,49
1404-10-15,Train,Tehran,Rasht,Joopar,2574,901,1856264,1672493864,2411,955,53
1404-10-15,Bus,Tehran,Ahvaz,Seir-o-Safar,1653,624,2026961,1264823664,1779,661,36
1404-10-15,Bus,Tehran,Ahvaz,Iran Peyma,1555,759,2066705,1568629095,2048,805,44
1404-10-15,Bus,Tehran,Ahvaz,Royal Safar,1656,695,2106449,1463982055,1771,737,41
1404-10-15,Bus,Tehran,Ahvaz,Ham-o-Safar,1863,956,2146193,2051760508,2425,1013,56
1404-10-15,Train,Tehran,Ahvaz,RAJA,2143,750,2845824,2134368000,2138,795,44
1404-10-15,Train,Tehran,Ahvaz,Fadak,2016,706,2901624,2048546544,1905,748,41
1404-10-15,Train,Tehran,Ahvaz,Noor,2147,751,2957424,2221025424,1913,796,44
1404-10-15,Train,Tehran,Ahvaz,Bon Rail,2415,845,3013224,2546174280,2144,896,49
1404-10-15,Train,Tehran,Ahvaz,Joopar,2574,901,3069024,2765190624,2411,955,53
1404-10-15,Bus,Tehran,Kerman,Seir-o-Safar,1653,645,2340919,1509892755,1839,684,38
1404-10-15,Bus,Tehran,Kerman,Iran Peyma,1555,544,2386819,1298429536,1468,577,32
1404-10-15,Bus,Tehran,Kerman,Royal Safar,1656,704,2432719,1712634176,1794,746,41
1404-10-15,Bus,Tehran,Kerman,Ham-o-Safar,1863,671,2478619,1663153349,1702,711,39
1404-10-15,Train,Tehran,Kerman,RAJA,2143,750,3258927,2444195250,2138,795,44
1404-10-15,Train,Tehran,Kerman,Fadak,2016,706,3322827,2345915862,1905,748,41
1404-10-15,Train,Tehran,Kerman,Noor,2147,751,3386727,2543431977,1913,796,44
1404-10-15,Train,Tehran,Kerman,Bon Rail,2415,845,3450627,2915779815,2144,896,49
1404-10-15,Train,Tehran,Kerman,Joopar,2574,901,3514527,3166588827,2411,955,53
1404-10-15,Bus,Tehran,Qom,Seir-o-Safar,1653,870,910664,792277680,2480,922,51
1404-10-15,Bus,Tehran,Qom,Iran Peyma,1555,1023,928520,949875960,2760,1084,60
1404-10-15,Bus,Tehran,Qom,Royal Safar,1656,922,946376,872558672,2349,977,54
1404-10-15,Bus,Tehran,Qom,Ham-o-Safar,1863,1342,964232,1293999344,3405,1423,78
1404-10-15,Train,Tehran,Qom,RAJA,2143,750,1377011,1032758250,2138,795,44
1404-10-15,Train,Tehran,Qom,Fadak,2016,706,1404011,991231766,1905,748,41
1404-10-15,Train,Tehran,Qom,Noor,2147,751,1431011,1074689261,1913,796,44
1404-10-15,Train,Tehran,Qom,Bon Rail,2415,845,1458011,1232019295,2144,896,49
1404-10-15,Train,Tehran,Qom,Joopar,2574,901,1485011,1337994911,2411,955,53
1404-10-15,Bus,Mashhad,Isfahan,Seir-o-Safar,1653,581,2253709,1309404929,1656,616,34
1404-10-15,Bus,Mashhad,Isfahan,Iran Peyma,1555,544,2297899,1250057056,1468,577,32
1404-10-15,Bus,Mashhad,Isfahan,Royal Safar,1656,659,2342089,1543436651,1679,699,38
1404-10-15,Bus,Mashhad,Isfahan,Ham-o-Safar,1863,652,2386279,1555853908,1654,691,38
1404-10-15,Train,Mashhad,Isfahan,RAJA,2143,750,3144176,2358132000,2138,795,44
1404-10-15,Train,Mashhad,Isfahan,Fadak,2016,706,3205826,2263313156,1905,748,41
1404-10-15,Train,Mashhad,Isfahan,Noor,2147,751,3267476,2453874476,1913,796,44
1404-10-15,Train,Mashhad,Isfahan,Bon Rail,2415,845,3329126,2813111470,2144,896,49
1404-10-15,Train,Mashhad,Isfahan,Joopar,2574,901,3390776,3055089176,2411,955,53
1404-10-15,Bus,Mashhad,Shiraz,Seir-o-Safar,1653,579,2602552,1506877608,1650,614,34
1404-10-15,Bus,Mashhad,Shiraz,Iran Peyma,1555,544,2653582,1443548608,1468,577,32
1404-10-15,Bus,Mashhad,Shiraz,Royal Safar,1656,580,2704612,1568674960,1478,615,34
1404-10-15,Bus,Mashhad,Shiraz,Ham-o-Safar,1863,652,2755642,1796678584,1654,691,38
1404-10-15,Train,Mashhad,Shiraz,RAJA,2143,750,3603180,2702385000,2138,795,44
1404-10-15,Train,Mashhad,Shiraz,Fadak,2016,706,3673830,2593723980,1905,748,41
1404-10-15,Train,Mashhad,Shiraz,Noor,2147,751,3744480,2812104480,1913,796,44
1404-10-15,Train,Mashhad,Shiraz,Bon Rail,2415,845,3815130,3223784850,2144,896,49
1404-10-15,Train,Mashhad,Shiraz,Joopar,2574,901,3885780,3501087780,2411,955,53
1404-10-15,Bus,Mashhad,Ahvaz,Seir-o-Safar,1653,579,2689762,1557372198,1650,614,34
1404-10-15,Bus,Mashhad,Ahvaz,Iran Peyma,1555,544,2742502,1491921088,1468,577,32
1404-10-15,Bus,Mashhad,Ahvaz,Royal Safar,1656,580,2795242,1621240360,1478,615,34
1404-10-15,Bus,Mashhad,Ahvaz,Ham-o-Safar,1863,652,2847982,1856884264,1654,691,38
1404-10-15,Train,Mashhad,Ahvaz,RAJA,2143,750,3717931,2788448250,2138,795,44
1404-10-15,Train,Mashhad,Ahvaz,Fadak,2016,706,3790831,2676326686,1905,748,41
1404-10-15,Train,Mashhad,Ahvaz,Noor,2147,751,3863731,2901661981,1913,796,44
1404-10-15,Train,Mashhad,Ahvaz,Bon Rail,2415,845,3936631,3326453195,2144,896,49
1404-10-15,Train,Mashhad,Ahvaz,Joopar,2574,901,4009531,3612587431,2411,955,53
1404-10-15,Bus,Isfahan,Shiraz,Seir-o-Safar,1653,708,1259506,891730248,2018,750,41
1404-10-15,Bus,Isfahan,Shiraz,Iran Peyma,1555,610,1284202,783363220,1646,647,36
1404-10-15,Bus,Isfahan,Shiraz,Royal Safar,1656,736,1308898,963348928,1875,780,43
1404-10-15,Bus,Isfahan,Shiraz,Ham-o-Safar,1863,837,1333594,1116218178,2123,887,49
1404-10-15,Train,Isfahan,Shiraz,RAJA,2143,750,1836015,1377011250,2138,795,44
1404-10-15,Train,Isfahan,Shiraz,Fadak,2016,706,1872015,1321642590,1905,748,41
1404-10-15,Train,Isfahan,Shiraz,Noor,2147,751,1908015,1432919265,1913,796,44
1404-10-15,Train,Isfahan,Shiraz,Bon Rail,2415,845,1944015,1642692675,2144,896,49
1404-10-15,Train,Isfahan,Shiraz,Joopar,2574,901,1980015,1783993515,2411,955,53
1404-11-15,Bus,Tehran,Mashhad,Seir-o-Safar,1555,925,2159401,1997445925,2496,981,54
1404-11-15,Bus,Tehran,Mashhad,Iran Peyma,1656,1245,2201881,2741341845,3172,1320,73
1404-11-15,Bus,Tehran,Mashhad,Royal Safar,1863,1250,2244361,2805451250,3171,1325,73
1404-11-15,Bus,Tehran,Mashhad,Ham-o-Safar,1985,1552,2286841,3549177232,4153,1645,90
1404-11-15,Train,Tehran,Mashhad,RAJA,2016,706,3019501,2131767706,1905,748,41
1404-11-15,Train,Tehran,Mashhad,Fadak,2147,751,3078901,2312254651,1913,796,44
1404-11-15,Train,Tehran,Mashhad,Noor,2415,845,3138301,2651864345,2144,896,49
1404-11-15,Train,Tehran,Mashhad,Bon Rail,2574,901,3197701,2881128601,2411,955,53
1404-11-15,Train,Tehran,Mashhad,Joopar,2477,867,3257101,2823906567,2460,919,51
1404-11-15,Train,Tehran,Mashhad,Rail Seir Kosar,2214,775,3316501,2570288275,2226,822,45
1404-11-15,Bus,Tehran,Shiraz,Seir-o-Safar,1555,877,1811700,1588860900,2367,930,51
1404-11-15,Bus,Tehran,Shiraz,Iran Peyma,1656,1024,1847340,1891676160,2609,1085,60
1404-11-15,Bus,Tehran,Shiraz,Royal Safar,1863,1081,1882980,2035501380,2742,1146,63
1404-11-15,Bus,Tehran,Shiraz,Ham-o-Safar,1985,1388,1918620,2663044560,3715,1471,81
1404-11-15,Train,Tehran,Shiraz,RAJA,2016,706,2562001,1808772706,1905,748,41
1404-11-15,Train,Tehran,Shiraz,Fadak,2147,751,2612401,1961913151,1913,796,44
1404-11-15,Train,Tehran,Shiraz,Noor,2415,845,2662801,2250066845,2144,896,49
1404-11-15,Train,Tehran,Shiraz,Bon Rail,2574,901,2713201,2444594101,2411,955,53
1404-11-15,Train,Tehran,Shiraz,Joopar,2477,867,2763601,2396042067,2460,919,51
1404-11-15,Bus,Tehran,Isfahan,Seir-o-Safar,1555,802,1377075,1104414150,2164,850,47
1404-11-15,Bus,Tehran,Isfahan,Iran Peyma,1656,927,1404165,1301660955,2362,983,54
1404-11-15,Bus,Tehran,Isfahan,Royal Safar,1863,1106,1431255,1582968030,2806,1172,64
1404-11-15,Bus,Tehran,Isfahan,Ham-o-Safar,1985,1137,1458345,1658138265,3043,1205,66
1404-11-15,Train,Tehran,Isfahan,RAJA,2016,706,1990126,1405028956,1905,748,41
1404-11-15,Train,Tehran,Isfahan,Fadak,2147,751,2029276,1523986276,1913,796,44
1404-11-15,Train,Tehran,Isfahan,Noor,2415,845,2068426,1747819970,2144,896,49
1404-11-15,Train,Tehran,Isfahan,Bon Rail,2574,901,2107576,1898925976,2411,955,53
1404-11-15,Train,Tehran,Isfahan,Joopar,2477,867,2146726,1861211442,2460,919,51
1404-11-15,Bus,Tehran,Tabriz,Seir-o-Safar,1555,843,1724775,1453985325,2275,894,49
1404-11-15,Bus,Tehran,Tabriz,Iran Peyma,1656,832,1758705,1463242560,2120,882,49
1404-11-15,Bus,Tehran,Tabriz,Royal Safar,1863,1046,1792635,1875096210,2654,1109,61
1404-11-15,Bus,Tehran,Tabriz,Ham-o-Safar,1985,1143,1826565,2087763795,3059,1212,67
1404-11-15,Train,Tehran,Tabriz,RAJA,2016,706,2447626,1728023956,1905,748,41
1404-11-15,Train,Tehran,Tabriz,Fadak,2147,751,2495776,1874327776,1913,796,44
1404-11-15,Train,Tehran,Tabriz,Noor,2415,845,2543926,2149617470,2144,896,49
1404-11-15,Train,Tehran,Tabriz,Bon Rail,2574,901,2592076,2335460476,2411,955,53
1404-11-15,Train,Tehran,Tabriz,Joopar,2477,867,2640226,2289075942,2460,919,51
1404-11-15,Bus,Tehran,Rasht,Seir-o-Safar,1555,670,1168455,782864850,1808,710,39
1404-11-15,Bus,Tehran,Rasht,Iran Peyma,1656,896,1191441,1067531136,2283,950,52
1404-11-15,Bus,Tehran,Rasht,Royal Safar,1863,908,1214427,1102699716,2304,962,53
1404-11-15,Bus,Tehran,Rasht,Ham-o-Safar,1985,1113,1237413,1377240669,2979,1180,65
1404-11-15,Train,Tehran,Rasht,RAJA,2016,706,1715625,1211231250,1905,748,41
1404-11-15,Train,Tehran,Rasht,Fadak,2147,751,1749375,1313780625,1913,796,44
1404-11-15,Train,Tehran,Rasht,Noor,2415,845,1783125,1506740625,2144,896,49
1404-11-15,Train,Tehran,Rasht,Bon Rail,2574,901,1816875,1637004375,2411,955,53
1404-11-15,Train,Tehran,Rasht,Joopar,2477,867,1850625,1604491875,2460,919,51
1404-11-15,Bus,Tehran,Ahvaz,Seir-o-Safar,1555,762,2020321,1539484602,2056,808,44
1404-11-15,Bus,Tehran,Ahvaz,Iran Peyma,1656,683,2060065,1407024395,1740,724,40
1404-11-15,Bus,Tehran,Ahvaz,Royal Safar,1863,978,2099809,2053613202,2481,1037,57
1404-11-15,Bus,Tehran,Ahvaz,Ham-o-Safar,1985,916,2139553,1959830548,2451,971,53
1404-11-15,Train,Tehran,Ahvaz,RAJA,2016,706,2836501,2002569706,1905,748,41
1404-11-15,Train,Tehran,Ahvaz,Fadak,2147,751,2892301,2172118051,1913,796,44
1404-11-15,Train,Tehran,Ahvaz,Noor,2415,845,2948101,2491145345,2144,896,49
1404-11-15,Train,Tehran,Ahvaz,Bon Rail,2574,901,3003901,2706514801,2411,955,53
1404-11-15,Train,Tehran,Ahvaz,Joopar,2477,867,3059701,2652760767,2460,919,51
1404-11-15,Bus,Tehran,Kerman,Seir-o-Safar,1555,544,2333251,1269288544,1468,577,32
1404-11-15,Bus,Tehran,Kerman,Iran Peyma,1656,705,2379151,1677301455,1796,747,41
1404-11-15,Bus,Tehran,Kerman,Royal Safar,1863,664,2425051,1610233864,1685,704,39
1404-11-15,Bus,Tehran,Kerman,Ham-o-Safar,1985,909,2470951,2246094459,2433,964,53
1404-11-15,Train,Tehran,Kerman,RAJA,2016,706,3248251,2293265206,1905,748,41
1404-11-15,Train,Tehran,Kerman,Fadak,2147,751,3312151,2487425401,1913,796,44
1404-11-15,Train,Tehran,Kerman,Noor,2415,845,3376051,2852763095,2144,896,49
1404-11-15,Train,Tehran,Kerman,Bon Rail,2574,901,3439951,3099395851,2411,955,53
1404-11-15,Train,Tehran,Kerman,Joopar,2477,867,3503851,3037838817,2460,919,51
1404-11-15,Bus,Tehran,Qom,Seir-o-Safar,1555,1003,907680,910403040,2707,1063,58
1404-11-15,Bus,Tehran,Qom,Iran Peyma,1656,934,925536,864450624,2380,990,54
1404-11-15,Bus,Tehran,Qom,Royal Safar,1863,1340,943392,1264145280,3400,1420,78
1404-11-15,Bus,Tehran,Qom,Ham-o-Safar,1985,1194,961248,1147730112,3195,1266,70
1404-11-15,Train,Tehran,Qom,RAJA,2016,706,1372500,968985000,1905,748,41
1404-11-15,Train,Tehran,Qom,Fadak,2147,751,1399500,1051024500,1913,796,44
1404-11-15,Train,Tehran,Qom,Noor,2415,845,1426500,1205392500,2144,896,49
1404-11-15,Train,Tehran,Qom,Bon Rail,2574,901,1453500,1309603500,2411,955,53
1404-11-15,Train,Tehran,Qom,Joopar,2477,867,1480500,1283593500,2460,919,51
1404-11-15,Bus,Mashhad,Isfahan,Seir-o-Safar,1555,544,2246326,1222001344,1468,577,32
1404-11-15,Bus,Mashhad,Isfahan,Iran Peyma,1656,644,2290516,1475092304,1641,683,38
1404-11-15,Bus,Mashhad,Isfahan,Royal Safar,1863,652,2334706,1522228312,1654,691,38
1404-11-15,Bus,Mashhad,Isfahan,Ham-o-Safar,1985,864,2378896,2055366144,2312,916,50
1404-11-15,Train,Mashhad,Isfahan,RAJA,2016,706,3133876,2212516456,1905,748,41
1404-11-15,Train,Mashhad,Isfahan,Fadak,2147,751,3195526,2399840026,1913,796,44
1404-11-15,Train,Mashhad,Isfahan,Noor,2415,845,3257176,2752313720,2144,896,49
1404-11-15,Train,Mashhad,Isfahan,Bon Rail,2574,901,3318826,2990262226,2411,955,53
1404-11-15,Train,Mashhad,Isfahan,Joopar,2477,867,3380476,2930872692,2460,919,51
1404-11-15,Bus,Mashhad,Shiraz,Seir-o-Safar,1555,544,2594026,1411150144,1468,577,32
1404-11-15,Bus,Mashhad,Shiraz,Iran Peyma,1656,580,2645056,1534132480,1478,615,34
1404-11-15,Bus,Mashhad,Shiraz,Royal Safar,1863,652,2696086,1757848072,1654,691,38
1404-11-15,Bus,Mashhad,Shiraz,Ham-o-Safar,1985,695,2747116,1909245620,1860,737,41
1404-11-15,Train,Mashhad,Shiraz,RAJA,2016,706,3591376,2535511456,1905,748,41
1404-11-15,Train,Mashhad,Shiraz,Fadak,2147,751,3662026,2750181526,1913,796,44
1404-11-15,Train,Mashhad,Shiraz,Noor,2415,845,3732676,3154111220,2144,896,49
1404-11-15,Train,Mashhad,Shiraz,Bon Rail,2574,901,3803326,3426796726,2411,955,53
1404-11-15,Train,Mashhad,Shiraz,Joopar,2477,867,3873976,3358737192,2460,919,51
1404-11-15,Bus,Mashhad,Ahvaz,Seir-o-Safar,1555,544,2680951,1458437344,1468,577,32
1404-11-15,Bus,Mashhad,Ahvaz,Iran Peyma,1656,580,2733691,1585540780,1478,615,34
1404-11-15,Bus,Mashhad,Ahvaz,Royal Safar,1863,652,2786431,1816753012,1654,691,38
1404-11-15,Bus,Mashhad,Ahvaz,Ham-o-Safar,1985,695,2839171,1973223845,1860,737,41
1404-11-15,Train,Mashhad,Ahvaz,RAJA,2016,706,3705751,2616260206,1905,748,41
1404-11-15,Train,Mashhad,Ahvaz,Fadak,2147,751,3778651,2837766901,1913,796,44
1404-11-15,Train,Mashhad,Ahvaz,Noor,2415,845,3851551,3254560595,2144,896,49
1404-11-15,Train,Mashhad,Ahvaz,Bon Rail,2574,901,3924451,3535930351,2411,955,53
1404-11-15,Train,Mashhad,Ahvaz,Joopar,2477,867,3997351,3465703317,2460,919,51
1404-11-15,Bus,Isfahan,Shiraz,Seir-o-Safar,1555,591,1255380,741929580,1595,626,34
1404-11-15,Bus,Isfahan,Shiraz,Iran Peyma,1656,758,1280076,970297608,1931,803,44
1404-11-15,Bus,Isfahan,Shiraz,Royal Safar,1863,810,1304772,1056865320,2055,859,47
1404-11-15,Bus,Isfahan,Shiraz,Ham-o-Safar,1985,935,1329468,1243052580,2502,991,55
1404-11-15,Train,Isfahan,Shiraz,RAJA,2016,706,1830000,1291980000,1905,748,41
1404-11-15,Train,Isfahan,Shiraz,Fadak,2147,751,1866000,1401366000,1913,796,44
1404-11-15,Train,Isfahan,Shiraz,Noor,2415,845,1902000,1607190000,2144,896,49
1404-11-15,Train,Isfahan,Shiraz,Bon Rail,2574,901,1938000,1746138000,2411,955,53
1404-11-15,Train,Isfahan,Shiraz,Joopar,2477,867,1974000,1711458000,2460,919,51
1404-12-15,Bus,Tehran,Mashhad,Seir-o-Safar,1656,1429,2166748,3096282892,3641,1515,83
1404-12-15,Bus,Tehran,Mashhad,Iran Peyma,1863,1380,2209228,3048734640,3501,1463,80
1404-12-15,Bus,Tehran,Mashhad,Royal Safar,1985,1809,2251708,4073339772,4841,1918,105
1404-12-15,Bus,Tehran,Mashhad,Ham-o-Safar,1911,1605,2294188,3682171740,4554,1701,94
1404-12-15,Train,Tehran,Mashhad,RAJA,2147,751,3029775,2275361025,1913,796,44
1404-12-15,Train,Tehran,Mashhad,Fadak,2415,845,3089175,2610352875,2144,896,49
1404-12-15,Train,Tehran,Mashhad,Noor,2574,901,3148575,2836866075,2411,955,53
1404-12-15,Train,Tehran,Mashhad,Bon Rail,2477,867,3207975,2781314325,2460,919,51
1404-12-15,Train,Tehran,Mashhad,Joopar,2214,775,3267375,2532215625,2226,822,45
1404-12-15,Train,Tehran,Mashhad,Rail Seir Kosar,2026,709,3326775,2358683475,1949,752,41
1404-12-15,Bus,Tehran,Shiraz,Seir-o-Safar,1656,1121,1817865,2037826665,2856,1188,65
1404-12-15,Bus,Tehran,Shiraz,Iran Peyma,1863,1265,1853505,2344683825,3209,1341,74
1404-12-15,Bus,Tehran,Shiraz,Royal Safar,1985,1538,1889145,2905505010,4116,1630,90
1404-12-15,Bus,Tehran,Shiraz,Ham-o-Safar,1911,1336,1924785,2571512760,3791,1416,78
1404-12-15,Train,Tehran,Shiraz,RAJA,2147,751,2570718,1930609218,1913,796,44
1404-12-15,Train,Tehran,Shiraz,Fadak,2415,845,2621118,2214844710,2144,896,49
1404-12-15,Train,Tehran,Shiraz,Noor,2574,901,2671518,2407037718,2411,955,53
1404-12-15,Train,Tehran,Shiraz,Bon Rail,2477,867,2721918,2359902906,2460,919,51
1404-12-15,Train,Tehran,Shiraz,Joopar,2214,775,2772318,2148546450,2226,822,45
1404-12-15,Bus,Tehran,Isfahan,Seir-o-Safar,1656,1083,1381761,1496447163,2759,1148,63
1404-12-15,Bus,Tehran,Isfahan,Iran Peyma,1863,1211,1408851,1706118561,3072,1284,71
1404-12-15,Bus,Tehran,Isfahan,Royal Safar,1985,1335,1435941,1916981235,3573,1415,78
1404-12-15,Bus,Tehran,Isfahan,Ham-o-Safar,1911,1421,1463031,2078967051,4032,1506,83
1404-12-15,Train,Tehran,Isfahan,RAJA,2147,751,1996897,1499669647,1913,796,44
1404-12-15,Train,Tehran,Isfahan,Fadak,2415,845,2036047,1720459715,2144,896,49
1404-12-15,Train,Tehran,Isfahan,Noor,2574,901,2075197,1869752497,2411,955,53
1404-12-15,Train,Tehran,Isfahan,Bon Rail,2477,867,2114347,1833138849,2460,919,51
1404-12-15,Train,Tehran,Isfahan,Joopar,2214,775,2153497,1668960175,2226,822,45
1404-12-15,Bus,Tehran,Tabriz,Seir-o-Safar,1656,913,1730644,1580077972,2326,968,53
1404-12-15,Bus,Tehran,Tabriz,Iran Peyma,1863,1223,1764574,2158074002,3103,1296,71
1404-12-15,Bus,Tehran,Tabriz,Royal Safar,1985,1253,1798504,2253525512,3353,1328,73
1404-12-15,Bus,Tehran,Tabriz,Ham-o-Safar,1911,1288,1832434,2360174992,3654,1365,75
1404-12-15,Train,Tehran,Tabriz,RAJA,2147,751,2455954,1844421454,1913,796,44
1404-12-15,Train,Tehran,Tabriz,Fadak,2415,845,2504104,2115967880,2144,896,49
1404-12-15,Train,Tehran,Tabriz,Noor,2574,901,2552254,2299580854,2411,955,53
1404-12-15,Train,Tehran,Tabriz,Bon Rail,2477,867,2600404,2254550268,2460,919,51
1404-12-15,Train,Tehran,Tabriz,Joopar,2214,775,2648554,2052629350,2226,822,45
1404-12-15,Bus,Tehran,Rasht,Seir-o-Safar,1656,1030,1172431,1207603930,2624,1092,60
1404-12-15,Bus,Tehran,Rasht,Iran Peyma,1863,1002,1195417,1197807834,2542,1062,58
1404-12-15,Bus,Tehran,Rasht,Royal Safar,1985,1300,1218403,1583923900,3479,1378,76
1404-12-15,Bus,Tehran,Rasht,Ham-o-Safar,1911,1168,1241389,1449942352,3314,1238,68
1404-12-15,Train,Tehran,Rasht,RAJA,2147,751,1721463,1292818713,1913,796,44
1404-12-15,Train,Tehran,Rasht,Fadak,2415,845,1755213,1483154985,2144,896,49
1404-12-15,Train,Tehran,Rasht,Noor,2574,901,1788963,1611855663,2411,955,53
1404-12-15,Train,Tehran,Rasht,Bon Rail,2477,867,1822713,1580292171,2460,919,51
1404-12-15,Train,Tehran,Rasht,Joopar,2214,775,1856463,1438758825,2226,822,45
1404-12-15,Bus,Tehran,Ahvaz,Seir-o-Safar,1656,768,2027195,1556885760,1957,814,45
1404-12-15,Bus,Tehran,Ahvaz,Iran Peyma,1863,1121,2066939,2317038619,2844,1188,65
1404-12-15,Bus,Tehran,Ahvaz,Royal Safar,1985,1016,2106683,2140389928,2719,1077,59
1404-12-15,Bus,Tehran,Ahvaz,Ham-o-Safar,1911,1215,2146427,2607908805,3447,1288,71
1404-12-15,Train,Tehran,Ahvaz,RAJA,2147,751,2846152,2137460152,1913,796,44
1404-12-15,Train,Tehran,Ahvaz,Fadak,2415,845,2901952,2452149440,2144,896,49
1404-12-15,Train,Tehran,Ahvaz,Noor,2574,901,2957752,2664934552,2411,955,53
1404-12-15,Train,Tehran,Ahvaz,Bon Rail,2477,867,3013552,2612749584,2460,919,51
1404-12-15,Train,Tehran,Ahvaz,Joopar,2214,775,3069352,2378747800,2226,822,45
1404-12-15,Bus,Tehran,Kerman,Seir-o-Safar,1656,791,2341190,1851881290,2015,838,46
1404-12-15,Bus,Tehran,Kerman,Iran Peyma,1863,752,2387090,1795091680,1908,797,44
1404-12-15,Bus,Tehran,Kerman,Royal Safar,1985,1039,2432990,2527876610,2781,1101,61
1404-12-15,Bus,Tehran,Kerman,Ham-o-Safar,1911,841,2478890,2084746490,2386,891,49
1404-12-15,Train,Tehran,Kerman,RAJA,2147,751,3259304,2447737304,1913,796,44
1404-12-15,Train,Tehran,Kerman,Fadak,2415,845,3323204,2808107380,2144,896,49
1404-12-15,Train,Tehran,Kerman,Noor,2574,901,3387104,3051780704,2411,955,53
1404-12-15,Train,Tehran,Kerman,Bon Rail,2477,867,3451004,2992020468,2460,919,51
1404-12-15,Train,Tehran,Kerman,Joopar,2214,775,3514904,2724050600,2226,822,45
1404-12-15,Bus,Tehran,Qom,Seir-o-Safar,1656,1081,910769,984541289,2754,1146,63
1404-12-15,Bus,Tehran,Qom,Iran Peyma,1863,1499,928625,1392008875,3803,1589,87
1404-12-15,Bus,Tehran,Qom,Royal Safar,1985,1363,946481,1290053603,3648,1445,79
1404-12-15,Bus,Tehran,Qom,Ham-o-Safar,1911,1692,964337,1631658204,4801,1794,99
1404-12-15,Train,Tehran,Qom,RAJA,2147,751,1377171,1034255421,1913,796,44
1404-12-15,Train,Tehran,Qom,Fadak,2415,845,1404171,1186524495,2144,896,49
1404-12-15,Train,Tehran,Qom,Noor,2574,901,1431171,1289485071,2411,955,53
1404-12-15,Train,Tehran,Qom,Bon Rail,2477,867,1458171,1264234257,2460,919,51
1404-12-15,Train,Tehran,Qom,Joopar,2214,775,1485171,1151007525,2226,822,45
1404-12-15,Bus,Mashhad,Isfahan,Seir-o-Safar,1656,708,2253969,1595810052,1804,750,41
1404-12-15,Bus,Mashhad,Isfahan,Iran Peyma,1863,753,2298159,1730513727,1910,798,44
1404-12-15,Bus,Mashhad,Isfahan,Royal Safar,1985,964,2342349,2258024436,2580,1022,56
1404-12-15,Bus,Mashhad,Isfahan,Ham-o-Safar,1911,803,2386539,1916390817,2278,851,47
1404-12-15,Train,Mashhad,Isfahan,RAJA,2147,751,3144539,2361548789,1913,796,44
1404-12-15,Train,Mashhad,Isfahan,Fadak,2415,845,3206189,2709229705,2144,896,49
1404-12-15,Train,Mashhad,Isfahan,Noor,2574,901,3267839,2944322939,2411,955,53
1404-12-15,Train,Mashhad,Isfahan,Bon Rail,2477,867,3329489,2886666963,2460,919,51
1404-12-15,Train,Mashhad,Isfahan,Joopar,2214,775,3391139,2628132725,2226,822,45
1404-12-15,Bus,Mashhad,Shiraz,Seir-o-Safar,1656,580,2602852,1509654160,1478,615,34
1404-12-15,Bus,Mashhad,Shiraz,Iran Peyma,1863,689,2653882,1828524698,1748,730,40
1404-12-15,Bus,Mashhad,Shiraz,Royal Safar,1985,714,2704912,1931307168,1911,757,42
1404-12-15,Bus,Mashhad,Shiraz,Ham-o-Safar,1911,804,2755942,2215777368,2281,852,47
1404-12-15,Train,Mashhad,Shiraz,RAJA,2147,751,3603596,2706300596,1913,796,44
1404-12-15,Train,Mashhad,Shiraz,Fadak,2415,845,3674246,3104737870,2144,896,49
1404-12-15,Train,Mashhad,Shiraz,Noor,2574,901,3744896,3374151296,2411,955,53
1404-12-15,Train,Mashhad,Shiraz,Bon Rail,2477,867,3815546,3308078382,2460,919,51
1404-12-15,Train,Mashhad,Shiraz,Joopar,2214,775,3886196,3011801900,2226,822,45
1404-12-15,Bus,Mashhad,Ahvaz,Seir-o-Safar,1656,580,2690073,1560242340,1478,615,34
1404-12-15,Bus,Mashhad,Ahvaz,Iran Peyma,1863,652,2742813,1788314076,1654,691,38
1404-12-15,Bus,Mashhad,Ahvaz,Royal Safar,1985,695,2795553,1942909335,1860,737,41
1404-12-15,Bus,Mashhad,Ahvaz,Ham-o-Safar,1911,669,2848293,1905508017,1898,709,39
1404-12-15,Train,Mashhad,Ahvaz,RAJA,2147,751,3718360,2792488360,1913,796,44
1404-12-15,Train,Mashhad,Ahvaz,Fadak,2415,845,3791260,3203614700,2144,896,49
1404-12-15,Train,Mashhad,Ahvaz,Noor,2574,901,3864160,3481608160,2411,955,53
1404-12-15,Train,Mashhad,Ahvaz,Bon Rail,2477,867,3937060,3413431020,2460,919,51
1404-12-15,Train,Mashhad,Ahvaz,Joopar,2214,775,4009960,3107719000,2226,822,45
1404-12-15,Bus,Isfahan,Shiraz,Seir-o-Safar,1656,878,1259652,1105974456,2237,931,51
1404-12-15,Bus,Isfahan,Shiraz,Iran Peyma,1863,888,1284348,1140501024,2253,941,52
1404-12-15,Bus,Isfahan,Shiraz,Royal Safar,1985,1096,1309044,1434712224,2933,1162,64
1404-12-15,Bus,Isfahan,Shiraz,Ham-o-Safar,1911,1042,1333740,1389757080,2956,1105,61
1404-12-15,Train,Isfahan,Shiraz,RAJA,2147,751,1836227,1379006477,1913,796,44
1404-12-15,Train,Isfahan,Shiraz,Fadak,2415,845,1872227,1582031815,2144,896,49
1404-12-15,Train,Isfahan,Shiraz,Noor,2574,901,1908227,1719312527,2411,955,53
1404-12-15,Train,Isfahan,Shiraz,Bon Rail,2477,867,1944227,1685644809,2460,919,51
1404-12-15,Train,Isfahan,Shiraz,Joopar,2214,775,1980227,1534675925,2226,822,45